"NAME","mean_pm25_exact"
"Divide",11.7365016937256
"New York",11.6930828094482
"Ramsey",11.5084886550903
"Del Norte",11.3984880447388
"Bottineau",11.2498741149902
"Hudson",11.229344367981
"Bronx",11.2184648513794
"Okanogan",11.1595220565796
"Sheridan",11.1078824996948
"Burke",11.0945043563843
"Williams",11.0667638778687
"Rolette",11.004602432251
"Franklin",10.946870803833
"Essex",10.9158229827881
"District of Columbia",10.8870964050293
"Union",10.8651266098022
"Washington",10.7899236679077
"Baltimore",10.7719593048096
"Renville",10.7644367218018
"Bergen",10.7451448440552
"Hennepin",10.7402572631836
"Kings",10.6965742111206
"Marion",10.6863441467285
"DuPage",10.6554088592529
"Allegheny",10.576735496521
"Richmond",10.5724487304688
"Arlington",10.5471267700195
"Dallas",10.5469741821289
"Cavalier",10.5295944213867
"Tarrant",10.5063858032227
"Dakota",10.4875822067261
"Anoka",10.4790859222412
"Wayne",10.4741230010986
"St. Louis",10.459867477417
"Daniels",10.4523611068726
"Cook",10.4435234069824
"Alexandria",10.384259223938
"Kittson",10.3600721359253
"Cuyahoga",10.3505506515503
"Queens",10.3362703323364
"Towner",10.2895593643188
"Mountrail",10.2369823455811
"McKenzie",10.2222099304199
"Hamilton",10.205924987793
"Harris",10.1796588897705
"Ward",10.1727886199951
"Valley",10.1600589752197
"Philadelphia",10.1566543579102
"Summit",10.1561946868896
"Lancaster",10.1313056945801
"Mercer",10.1296892166138
"Dane",10.1082305908203
"Roosevelt",10.0883855819702
"Stark",10.0826396942139
"Brooke",10.0513954162598
"Hancock",10.0490970611572
"Pembina",10.027042388916
"Adams",10.0267992019653
"Marquette",10.0250225067139
"Delaware",10.0095500946045
"Falls Church",9.99206161499023
"Ingham",9.97294521331787
"Wood",9.97292137145996
"Lebanon",9.9719409942627
"St. Louis",9.96854782104492
"Montgomery",9.96722507476807
"Montour",9.9597978591919
"Shelby",9.95213317871094
"Darke",9.94606113433838
"DeKalb",9.93874263763428
"Portage",9.93822479248047
"Juneau",9.93209552764893
"Hamilton",9.92110824584961
"Scott",9.9208517074585
"Travis",9.90963935852051
"Columbia",9.90222549438477
"Waushara",9.90212821960449
"Richland",9.8998851776123
"Westmoreland",9.89790630340576
"Heard",9.89259815216064
"Eaton",9.88160037994385
"Coshocton",9.86667728424072
"Nassau",9.86124801635742
"Phillips",9.85590934753418
"La Crosse",9.85413265228271
"Cobb",9.84261608123779
"Paulding",9.83202934265137
"St. Croix",9.82619953155518
"Oakland",9.8226432800293
"Milwaukee",9.82119083404541
"Macomb",9.81842613220215
"Medina",9.81319904327393
"Allen",9.79729843139648
"Green Lake",9.7971601486206
"Orange",9.79683589935303
"Beaver",9.79510974884033
"Wayne",9.7946720123291
"Fulton",9.76911640167236
"Sauk",9.76810359954834
"Lucas",9.76206874847412
"Jackson",9.76046466827393
"Tuscarawas",9.75783348083496
"Ascension",9.74710369110107
"Gwinnett",9.74544811248779
"Chisago",9.74285316467285
"Monroe",9.73960208892822
"Lorain",9.73021221160889
"Franklin",9.72768974304199
"Holmes",9.72273445129395
"Ramsey",9.71745586395264
"Defiance",9.71707153320312
"Jefferson",9.7079963684082
"Winnebago",9.7061014175415
"Cumberland",9.69934368133545
"Winnebago",9.69781875610352
"Butler",9.69443130493164
"Isanti",9.69113254547119
"Union",9.69102382659912
"Jackson",9.69032669067383
"Mahoning",9.68802356719971
"Middlesex",9.68556880950928
"Pierce",9.682861328125
"Blaine",9.68135643005371
"Miami",9.6803150177002
"Clinton",9.67033767700195
"Howard",9.66961574554443
"Lehigh",9.66855907440186
"Pierce",9.65541076660156
"Dauphin",9.65459537506104
"Licking",9.65258884429932
"Washington",9.65002918243408
"Clayton",9.64985752105713
"Muskingum",9.64813232421875
"Denton",9.64668941497803
"Shelby",9.63947582244873
"Marshall",9.63515377044678
"Auglaize",9.6343240737915
"Waukesha",9.63304424285889
"Knox",9.63008689880371
"Putnam",9.62728023529053
"Logan",9.62685585021973
"Will",9.62584018707275
"Guernsey",9.62474060058594
"Calhoun",9.62350749969482
"Johnson",9.61563682556152
"Williams",9.60953235626221
"Winchester",9.60762596130371
"Warren",9.60648441314697
"Rock Island",9.6046314239502
"Hendricks",9.60229110717773
"Hillsdale",9.60224056243896
"Union",9.59696578979492
"Kenton",9.59368324279785
"Boone",9.59167385101318
"Sherburne",9.58965301513672
"Walsh",9.58908271789551
"Harrison",9.58824443817139
"Clark",9.58287906646729
"McHenry",9.57814979553223
"Carver",9.57722759246826
"Van Wert",9.57697772979736
"Jay",9.57690525054932
"Snyder",9.57399749755859
"Harrisonburg",9.57179260253906
"Williamson",9.56974601745605
"Randolph",9.56547927856445
"Ohio",9.55885887145996
"Adams",9.55627536773682
"Marathon",9.55562686920166
"Wright",9.55049991607666
"Delaware",9.54945373535156
"Rockwall",9.5483226776123
"Ionia",9.5464334487915
"Boone",9.54630279541016
"Northumberland",9.5433988571167
"Steuben",9.54186534881592
"Winona",9.5394983291626
"Campbell",9.53939437866211
"Billings",9.53927040100098
"Green",9.53911399841309
"Belmont",9.53366565704346
"Hancock",9.53342628479004
"Dodge",9.53243350982666
"Livingston",9.52799987792969
"Collin",9.52767181396484
"Madison",9.522292137146
"Eau Claire",9.52081775665283
"Champaign",9.51407432556152
"Iowa",9.5119800567627
"Olmsted",9.51062870025635
"Trempealeau",9.51016426086426
"Rock",9.50909233093262
"Greene",9.505295753479
"Kane",9.49203205108643
"Ottawa",9.49106884002686
"Huntington",9.49031162261963
"Cameron",9.49010944366455
"Stephenson",9.48952007293701
"Clinton",9.47924423217773
"Goodhue",9.47900485992432
"Tippecanoe",9.47861194610596
"Polk",9.47705078125
"Hill",9.47543907165527
"LaSalle",9.47407627105713
"Calumet",9.47286605834961
"Grant",9.47204399108887
"Indiana",9.47109603881836
"Morrow",9.46623516082764
"Scott",9.45768165588379
"Carroll",9.45707988739014
"Vernon",9.4566125869751
"Gordon",9.45561027526855
"Camp",9.45528221130371
"Shiawassee",9.45465469360352
"Chippewa",9.45290088653564
"Dunn",9.45123863220215
"Allen",9.45005035400391
"Fairfield",9.44652652740479
"Lake",9.44528388977051
"Grant",9.44455242156982
"Jackson",9.44267559051514
"Tipton",9.4414873123169
"Jefferson",9.44022369384766
"Northampton",9.43771266937256
"Washington",9.43505382537842
"Pickaway",9.43209648132324
"Richland",9.43130588531494
"Smith",9.43066501617432
"Kendall",9.42891311645508
"Wabasha",9.4279260635376
"Wells",9.42621421813965
"Nacogdoches",9.42365455627441
"Lake",9.42233371734619
"Fond du Lac",9.42194747924805
"Golden Valley",9.41562557220459
"Putnam",9.41561603546143
"Buffalo",9.41555213928223
"Clay",9.41349411010742
"Bell",9.41084384918213
"Johnson",9.40992164611816
"Preble",9.40745830535889
"Kent",9.40711498260498
"Rice",9.40501117706299
"Ashland",9.40358257293701
"Columbiana",9.4003438949585
"Jefferson",9.40019226074219
"Crawford",9.39944171905518
"Barry",9.39943695068359
"DeKalb",9.39905548095703
"Carroll",9.39870071411133
"Marshall",9.39737319946289
"Linn",9.39717960357666
"Banks",9.39424991607666
"Montgomery",9.39063549041748
"Houston",9.39060497283936
"Saratoga",9.38863277435303
"Henry",9.38777160644531
"Fayette",9.38039970397949
"Roanoke",9.37576293945312
"Polk",9.37367343902588
"St. Charles",9.37230110168457
"Armstrong",9.37230014801025
"Madison",9.37110328674316
"Vigo",9.36842250823975
"Pepin",9.36791229248047
"Ogle",9.36746692657471
"Richland",9.36672973632812
"Clark",9.36368274688721
"Branch",9.3599910736084
"Montgomery",9.356520652771
"McLean",9.35551738739014
"Vermillion",9.35304164886475
"Blackford",9.3517255783081
"Norman",9.35131645202637
"Hart",9.35050773620605
"Whiteside",9.35013008117676
"Bureau",9.35003852844238
"Cambria",9.34665107727051
"Grant",9.34632587432861
"Berks",9.34554100036621
"Washtenaw",9.34313869476318
"Marion",9.3431282043457
"Dubuque",9.34153747558594
"Henry",9.33574771881104
"Jo Daviess",9.3292760848999
"Wayne",9.32657241821289
"Noble",9.32424831390381
"Mille Lacs",9.32407379150391
"Barron",9.32382965087891
"Waupaca",9.32187080383301
"Manassas",9.3204174041748
"Portage",9.31964111328125
"Kanabec",9.31678199768066
"Allamakee",9.31268310546875
"Juniata",9.31116485595703
"Lafayette",9.30896282196045
"Clinton",9.30882167816162
"Blair",9.30783462524414
"Lee",9.3052225112915
"York",9.30477905273438
"Putnam",9.30105400085449
"Grundy",9.29943656921387
"Fairfax",9.29746150970459
"Shelby",9.29730987548828
"Muscatine",9.29174709320068
"Franklin",9.29086971282959
"St. Clair",9.29003429412842
"Butler",9.28974628448486
"Lenawee",9.28087329864502
"Forsyth",9.2802267074585
"Benson",9.27578449249268
"Woodford",9.275465965271
"Clayton",9.27344417572021
"Mifflin",9.27031326293945
"Clermont",9.27001762390137
"Cameron",9.26584815979004
"Perry",9.26413536071777
"Morgan",9.26311206817627
"Washington",9.26223850250244
"Taylor",9.26089382171631
"Peoria",9.25929069519043
"Nelson",9.25735569000244
"Polk",9.25611877441406
"Delaware",9.25579071044922
"Fairfax",9.25323963165283
"Tazewell",9.25283432006836
"Rush",9.25108814239502
"Madison",9.2487621307373
"Fulton",9.2469425201416
"Richmond",9.2450704574585
"Perry",9.24443340301514
"Genesee",9.24435329437256
"Lawrence",9.24274921417236
"St. Charles",9.23789882659912
"Montcalm",9.23780536651611
"Schuylkill",9.23677730560303
"Roseau",9.2355375289917
"San Augustine",9.22795391082764
"Simpson",9.22708606719971
"Orleans",9.22520542144775
"Parke",9.22497940063477
"Bartholomew",9.22426319122314
"Jefferson",9.22287940979004
"St. James",9.22100830078125
"Fountain",9.21810817718506
"Wibaux",9.21725177764893
"East Baton Rouge",9.21543598175049
"Lafayette",9.21324443817139
"Dawson",9.20611381530762
"Luzerne",9.20032501220703
"Somerset",9.19791984558105
"Schenectady",9.19711303710938
"Stark",9.19664192199707
"Jackson",9.19266605377197
"Scott",9.19200992584229
"Pope",9.19161415100098
"West Baton Rouge",9.1896505355835
"Berkeley",9.18899345397949
"Decatur",9.1872091293335
"Vermilion",9.18657779693604
"Page",9.18644332885742
"Stevens",9.18636322021484
"Anne Arundel",9.18531131744385
"Charlottesville",9.18511772155762
"Marshall",9.18467044830322
"Fillmore",9.18419456481934
"Carroll",9.18410491943359
"Mineral",9.18339347839355
"Lake of the Woods",9.182541847229
"Dunn",9.17984867095947
"Concordia",9.17975616455078
"Ottawa",9.17914485931396
"Black Hawk",9.17639923095703
"Henry",9.17605113983154
"Day",9.17159652709961
"Columbia",9.17045974731445
"Prince George's",9.17018222808838
"Manassas Park",9.17017269134521
"Huntingdon",9.1693754196167
"Monroe",9.16851139068604
"Clay",9.16763401031494
"Dodge",9.16646862030029
"Wabash",9.16434955596924
"Montgomery",9.16379642486572
"Winneshiek",9.16301727294922
"Cedar",9.16214561462402
"Brown",9.16122627258301
"Warren",9.15799427032471
"Tulsa",9.15566539764404
"Albany",9.15110111236572
"Outagamie",9.15104389190674
"Morgan",9.14842414855957
"Adams",9.14697647094727
"Kandiyohi",9.14670562744141
"McLean",9.14580059051514
"Wilkin",9.14566802978516
"Gratiot",9.14447212219238
"Clinton",9.1431884765625
"Terrebonne",9.14146995544434
"Monroe",9.1412239074707
"Ouachita",9.13934230804443
"Jones",9.13853359222412
"Wood",9.13547515869141
"Lincoln",9.13333129882812
"Hardin",9.13202381134033
"Pennington",9.12956809997559
"Saginaw",9.12925338745117
"Monongalia",9.12795257568359
"Allegany",9.1269359588623
"Kalamazoo",9.12661552429199
"Gregg",9.12592124938965
"Leake",9.12270164489746
"Rusk",9.11899948120117
"Benton",9.11805057525635
"Union",9.11758804321289
"Caddo",9.11748504638672
"Erie",9.11583709716797
"Delaware",9.11363410949707
"Fayette",9.11329174041748
"McLennan",9.1105842590332
"Stark",9.10725688934326
"Buchanan",9.10682392120361
"Lackawanna",9.10675144195557
"Greene",9.10586738586426
"Meeker",9.1053524017334
"McLean",9.1024751663208
"Wyandotte",9.10161209106445
"Le Sueur",9.10080718994141
"De Soto",9.10006713867188
"Boundary",9.0997428894043
"Hall",9.09695529937744
"Whitley",9.0958137512207
"Covington",9.09167098999023
"Cullman",9.09153270721436
"Ellis",9.0893030166626
"Douglas",9.08778476715088
"McCone",9.08621788024902
"Crawford",9.08413314819336
"Falls",9.08392906188965
"Madison",9.08266735076904
"Red Lake",9.08078098297119
"Grand Forks",9.07838821411133
"Panola",9.07717037200928
"Ozaukee",9.07709789276123
"Acadia",9.07668113708496
"Bexar",9.07501983642578
"Vanderburgh",9.07216930389404
"Sullivan",9.07159996032715
"Hettinger",9.07075119018555
"Bradford",9.06541347503662
"Catahoula",9.0636739730835
"Fayette",9.06171226501465
"Fulton",9.05947494506836
"Fayette",9.05556869506836
"Clark",9.05477237701416
"McLeod",9.05466938018799
"Iowa",9.05440425872803
"Centre",9.05230808258057
"Louisa",9.05072975158691
"Salem",9.05058860778809
"Allegan",9.04500865936279
"Wyandot",9.04451656341553
"St. Mary",9.04359436035156
"Sheboygan",9.03998279571533
"Baltimore",9.0393180847168
"Vermilion",9.03925800323486
"Big Stone",9.03919315338135
"Benton",9.03807926177979
"Livingston",9.03629398345947
"Galveston",9.0355224609375
"Howard",9.0351505279541
"Lincoln",9.0343074798584
"Monroe",9.0329065322876
"Smith",9.03152275085449
"Morgan",9.02803230285645
"Des Moines",9.0280065536499
"Hancock",9.0264949798584
"Traverse",9.02554321289062
"Hidalgo",9.02525329589844
"Mercer",9.02261161804199
"Brown",9.02251243591309
"Knox",9.02083206176758
"Dearborn",9.0205888748169
"Jefferson Davis",9.01994132995605
"Huron",9.01685333251953
"Bedford",9.01626777648926
"Steele",9.01621532440186
"Avoyelles",9.01604843139648
"Titus",9.01297092437744
"Miami",9.01265621185303
"Pointe Coupee",9.01256656646729
"McHenry",9.01220226287842
"Davidson",9.01168632507324
"Daviess",9.01073551177979
"Fort Bend",9.01004219055176
"Walworth",9.00927448272705
"Westchester",9.00716972351074
"Monroe",9.00703811645508
"Warren",9.00692081451416
"Swift",9.00679206848145
"Benton",9.00599193572998
"Edgar",9.00577163696289
"Macon",9.00551605224609
"Washington",9.00545310974121
"Assumption",9.00503921508789
"Sabine",9.00428581237793
"Washington",9.00386333465576
"Evangeline",9.00254440307617
"Rensselaer",8.99892520904541
"Lake",8.99730205535889
"Neshoba",8.99683380126953
"Champaign",8.99677085876465
"Bremer",8.99265289306641
"Lycoming",8.98587608337402
"Stearns",8.98546504974365
"Orange",8.98479270935059
"Jackson",8.98355007171631
"Rapides",8.98154640197754
"Navarro",8.98099708557129
"Jefferson",8.97922897338867
"Douglas",8.97700214385986
"Noble",8.97697162628174
"Tensas",8.97583770751953
"Wyoming",8.97531127929688
"Carbon",8.97500038146973
"Clinton",8.9748592376709
"Poweshiek",8.97456359863281
"Ripley",8.97366905212402
"Elkhart",8.9728193283081
"Morris",8.97239398956299
"Marshall",8.97120666503906
"Franklin",8.97110557556152
"Sheridan",8.97055149078369
"Isabella",8.96969699859619
"Mecklenburg",8.96850490570068
"Ohio",8.96709823608398
"Frederick",8.96621417999268
"Hocking",8.96383762359619
"Chickasaw",8.96131706237793
"Shawano",8.96119689941406
"Racine",8.95583820343018
"Montgomery",8.95468425750732
"Daviess",8.95187568664551
"Jefferson",8.95151996612549
"Morehouse",8.95116329193115
"Ross",8.95102310180664
"Ferry",8.9506196975708
"Marshall",8.95029735565186
"Clark",8.94930267333984
"Beadle",8.94769668579102
"Passaic",8.94749736785889
"Red River",8.94734859466553
"Boone",8.94515514373779
"DeKalb",8.94469356536865
"Owen",8.94421100616455
"Greene",8.94246196746826
"Jasper",8.94207763671875
"Mower",8.94075870513916
"Madison",8.9403486251831
"Johnson",8.94025039672852
"Traill",8.93986797332764
"Iberia",8.93715381622314
"Garrett",8.93467426300049
"Tama",8.93460655212402
"Wood",8.93352222442627
"Spink",8.93297958374023
"Howard",8.93251037597656
"Chemung",8.93150234222412
"Sandusky",8.93069458007812
"Broome",8.92669486999512
"Jackson",8.92507743835449
"Johnson",8.92298889160156
"Bradley",8.92098331451416
"Rankin",8.92072296142578
"Kingsbury",8.92018413543701
"Walker",8.91879653930664
"Benton",8.91740226745605
"Hampshire",8.91554832458496
"Rockingham",8.9129753112793
"Harrison",8.91290092468262
"Richland",8.91225147247314
"Knox",8.9117021560669
"Mercer",8.91038608551025
"Hays",8.90962314605713
"Kenosha",8.90896511077881
"Bossier",8.90862846374512
"Shenandoah",8.90834140777588
"Craighead",8.90786457061768
"Langlade",8.90732574462891
"Jennings",8.90668678283691
"Angelina",8.90507888793945
"Spencer",8.90493583679199
"Colquitt",8.90491771697998
"Hamilton",8.90391731262207
"Franklin",8.90290546417236
"East Carroll",8.90254020690918
"Bartow",8.90111064910889
"Sabine",8.90059280395508
"Union",8.89935684204102
"Milam",8.89922046661377
"Sarpy",8.89871978759766
"Lincoln",8.89739513397217
"Upshur",8.89696598052979
"Athens",8.89632320404053
"Manitowoc",8.89550113677979
"Franklin",8.89511394500732
"Henderson",8.89399909973145
"Oklahoma",8.89396476745605
"Carroll",8.89038276672363
"Sharkey",8.88912487030029
"Addison",8.88898181915283
"Jefferson",8.88842391967773
"Calcasieu",8.88811588287354
"LaGrange",8.88743114471436
"Frederick",8.88706588745117
"Trumbull",8.88656616210938
"Sibley",8.88459300994873
"Whitfield",8.88322067260742
"Highland",8.8825273513794
"Chippewa",8.88071823120117
"Coles",8.87996196746826
"Mecosta",8.87970924377441
"Humphreys",8.87847328186035
"Slope",8.87764263153076
"Warrick",8.87533283233643
"St. John the Baptist",8.8750171661377
"Sangamon",8.87497901916504
"Bay",8.87390613555908
"Issaquena",8.8699779510498
"Warren",8.86966705322266
"Ford",8.8692045211792
"Grant",8.86664867401123
"Marion",8.86435604095459
"Faulk",8.86430358886719
"Iberville",8.86425399780273
"Trinity",8.85947036743164
"Clarke",8.85904598236084
"Brown",8.85901165008545
"Knox",8.85776996612549
"Brazos",8.85764598846436
"Nicollet",8.85637855529785
"Seneca",8.85587882995605
"Fayette",8.85513401031494
"Tioga",8.85429668426514
"Crawford",8.85338497161865
"Poinsett",8.85102558135986
"Lafourche",8.85025501251221
"Hill",8.84989738464355
"Mahaska",8.84989166259766
"De Witt",8.84909534454346
"Henderson",8.84881210327148
"Montgomery",8.84721660614014
"Keokuk",8.84545040130615
"Mitchell",8.84305477142334
"Sullivan",8.84295177459717
"Douglas",8.8424015045166
"Switzerland",8.8422441482544
"Rusk",8.84184741973877
"Little River",8.84177303314209
"Wood",8.84162616729736
"Cherokee",8.84084606170654
"Comal",8.83870124816895
"Richland",8.83777618408203
"Jasper",8.83755207061768
"Los Angeles",8.83684635162354
"Washington",8.83681392669678
"Effingham",8.83606815338135
"Natchitoches",8.83540058135986
"Pleasants",8.834792137146
"St. Joseph",8.83443260192871
"Muskegon",8.83416080474854
"Pend Oreille",8.83193206787109
"Waseca",8.8309965133667
"Gibson",8.83010482788086
"Sanborn",8.82665348052979
"Greene",8.82517719268799
"Sevier",8.82450294494629
"Edmunds",8.82443523406982
"St. Joseph",8.82436180114746
"Tioga",8.82430934906006
"Hand",8.82363510131836
"Marshall",8.82337379455566
"Mitchell",8.82176971435547
"Porter",8.82156848907471
"Kaufman",8.82091236114502
"Shelby",8.82009696960449
"Pickens",8.8167200088501
"Piatt",8.81609535217285
"Clearfield",8.81520938873291
"Gallatin",8.81514930725098
"Beltrami",8.81390476226807
"Stevens",8.81339168548584
"Catoosa",8.8122730255127
"Hardy",8.81210136413574
"Limestone",8.81005001068115
"Pike",8.80991744995117
"Marion",8.80956935882568
"Chambers",8.80870532989502
"Geauga",8.80840682983398
"Midland",8.80815315246582
"Logan",8.80776405334473
"Clarke",8.80683326721191
"Clinton",8.80502891540527
"Fredericksburg",8.80495643615723
"Cass",8.80467319488525
"Gonzales",8.80428504943848
"Brown",8.80352973937988
"Adams",8.80241203308105
"Lawrence",8.80189895629883
"Hamlin",8.7981481552124
"DeKalb",8.79742050170898
"Cumberland",8.79613971710205
"Lake",8.79541397094727
"Dubois",8.79379081726074
"Rockland",8.7922191619873
"Jefferson",8.79184532165527
"Henry",8.79120826721191
"Grant",8.78911113739014
"Henderson",8.78872680664062
"Cass",8.78619480133057
"St. Bernard",8.78592491149902
"Meigs",8.7846794128418
"Story",8.78459739685059
"Robertson",8.78422737121582
"Potter",8.77858448028564
"Kosciusko",8.7783260345459
"Floyd",8.77822399139404
"Caldwell",8.77732181549072
"Kidder",8.7773027420044
"Coweta",8.7772741317749
"Washington",8.77455425262451
"Barrow",8.77418422698975
"St. Clair",8.77289009094238
"Lawrence",8.77233123779297
"Lafayette",8.77162170410156
"Christian",8.77066993713379
"Mason",8.7658863067627
"Moultrie",8.76553535461426
"Marion",8.76450252532959
"St. Landry",8.76171112060547
"Rappahannock",8.76141548156738
"Vinton",8.76082801818848
"Jefferson",8.76030826568604
"Miner",8.75778579711914
"LaSalle",8.75725841522217
"St. Martin",8.75696563720703
"Washington",8.75645446777344
"Richland",8.75603294372559
"Chittenden",8.75596904754639
"Otter Tail",8.75467491149902
"Vernon",8.75432968139648
"Freestone",8.75314903259277
"Howard",8.7525749206543
"Koochiching",8.75219821929932
"Murray",8.751296043396
"Shelby",8.75065803527832
"Cherokee",8.74786472320557
"Newaygo",8.74736499786377
"Erie",8.74666500091553
"Grundy",8.74594688415527
"Gilmer",8.74209117889404
"Columbia",8.74140548706055
"Taylor",8.74020957946777
"West Feliciana",8.73953723907471
"Dawson",8.73909759521484
"Lawrence",8.73864936828613
"Liberty",8.73644351959229
"Jackson",8.73642158508301
"Carroll",8.73635101318359
"Scott",8.7354211807251
"Floyd",8.73443222045898
"Montgomery",8.73441505432129
"Renville",8.73417854309082
"Fayette",8.73390007019043
"Codington",8.73250675201416
"Burleson",8.73220825195312
"Bucks",8.73174095153809
"Camden",8.7315263748169
"Blue Earth",8.73095607757568
"McPherson",8.73093605041504
"Clay",8.73081302642822
"Harrison",8.73054313659668
"Martin",8.72932720184326
"Rockdale",8.72745513916016
"Randolph",8.72597789764404
"Norfolk",8.72591209411621
"Mason",8.72400379180908
"Paulding",8.72392654418945
"Jefferson",8.72352313995361
"Roberts",8.72342777252197
"Butler",8.72317695617676
"McIntosh",8.72292327880859
"Jerauld",8.72266006469727
"Brookings",8.72230339050293
"New Castle",8.72122097015381
"Becker",8.72090148925781
"Chicot",8.72068786621094
"Freeborn",8.71959114074707
"Cameron",8.71936321258545
"Clay",8.71818733215332
"Fulton",8.71706104278564
"Henry",8.71673965454102
"Chester",8.71420574188232
"Itasca",8.71398162841797
"Cass",8.71318531036377
"Warren",8.71309185028076
"Susquehanna",8.71238231658936
"Fulton",8.71235179901123
"Colonial Heights",8.71194458007812
"Mississippi",8.7117395401001
"Jackson",8.71138572692871
"Lapeer",8.71081256866455
"Emmons",8.70979309082031
"Pike",8.70913410186768
"Oglethorpe",8.70907306671143
"Lac qui Parle",8.70587921142578
"Portsmouth",8.70565032958984
"Gallia",8.70558452606201
"Bowie",8.70432567596436
"Loudoun",8.70307064056396
"Anderson",8.7023983001709
"Hyde",8.70085334777832
"Jones",8.69923973083496
"Jefferson",8.69727325439453
"Plaquemines",8.69716739654541
"Clark",8.69258117675781
"Iroquois",8.69111633300781
"Wabash",8.68873977661133
"Leon",8.68812561035156
"Bond",8.6880054473877
"Stephens",8.68796825408936
"Burleigh",8.68630313873291
"Hempstead",8.68361186981201
"Loudon",8.68322944641113
"Tyler",8.68305397033691
"Elk",8.68296432495117
"Brazoria",8.68284225463867
"Livingston",8.68235301971436
"White",8.68121147155762
"Menominee",8.68107795715332
"Webster",8.68101501464844
"Warren",8.68066310882568
"Kewaunee",8.67985343933105
"Posey",8.67956161499023
"Steuben",8.67904376983643
"Madison",8.67844390869141
"Jefferson",8.6777982711792
"Douglas",8.67735862731934
"Miller",8.67705631256104
"Marion",8.67705345153809
"Grimes",8.67653369903564
"Logan",8.67633056640625
"Burnett",8.67526817321777
"Rains",8.67494010925293
"Oliver",8.67418766021729
"Lynchburg",8.67397880554199
"Prince William",8.67386722564697
"Oconee",8.67177200317383
"Van Buren",8.67150402069092
"Lonoke",8.6707878112793
"Waynesboro",8.67065238952637
"Somerset",8.66960716247559
"Pendleton",8.66844749450684
"Greene",8.66777229309082
"Madison",8.66773700714111
"Pulaski",8.66690158843994
"Cass",8.66665077209473
"Niagara",8.66551971435547
"Hancock",8.66417217254639
"Allen",8.66219615936279
"Macoupin",8.66197967529297
"Houston",8.66159725189209
"New Madrid",8.66141510009766
"Hanson",8.65925693511963
"Franklin",8.65806770324707
"Jackson",8.65777969360352
"Cass",8.65761280059814
"Bienville",8.65753936767578
"Bibb",8.65613460540771
"Winn",8.65552616119385
"Mahnomen",8.65549087524414
"Perry",8.65398025512695
"Washington",8.65216732025146
"Aransas",8.65139865875244
"Pemiscot",8.65110683441162
"Preston",8.6508150100708
"Grand Isle",8.65074634552002
"Carroll",8.64413356781006
"Union",8.64385795593262
"San Jacinto",8.64266777038574
"Washington",8.6425724029541
"Claiborne",8.6424732208252
"Alexander",8.64077091217041
"Menard",8.64039516448975
"Oconto",8.63895511627197
"Lake",8.63786506652832
"Wilkinson",8.6376371383667
"Orange",8.63724517822266
"Buffalo",8.63552379608154
"Orleans",8.63516712188721
"Dunklin",8.6328821182251
"Cleveland",8.63269329071045
"Hubbard",8.63121604919434
"Waller",8.63034152984619
"Franklin",8.6298303604126
"Prairie",8.62941837310791
"Madison",8.62910270690918
"Union",8.62843704223633
"Warren",8.62755107879639
"West Carroll",8.62710285186768
"Van Zandt",8.62607765197754
"Greene",8.62522220611572
"Copiah",8.62412738800049
"Wells",8.62345600128174
"Kankakee",8.62171840667725
"Washington",8.6215410232544
"Wetzel",8.6189079284668
"Muscogee",8.61659717559814
"Crow Wing",8.6161994934082
"Roane",8.61518096923828
"Scott",8.61514186859131
"Wake",8.61509799957275
"Worth",8.61497402191162
"Morgan",8.61165523529053
"Chenango",8.61073589324951
"Calhoun",8.61001396179199
"Morgan",8.60912895202637
"Cook",8.60872173309326
"Ashley",8.60783767700195
"Hardin",8.60625457763672
"Polk",8.60619449615479
"Hillsborough",8.60572052001953
"Jefferson Davis",8.60366153717041
"Oneida",8.60215091705322
"Stoddard",8.60132026672363
"Rutherford",8.60126209259033
"Lincoln",8.60092830657959
"Coryell",8.60036945343018
"Yellow Medicine",8.59941387176514
"Jasper",8.59868431091309
"Sargent",8.59858989715576
"Eddy",8.59793663024902
"Webster",8.59593677520752
"Monroe",8.59431743621826
"Clinton",8.59419059753418
"Wayne",8.59410762786865
"Hopkins",8.59340572357178
"Grayson",8.59063911437988
"Hinds",8.5897970199585
"Blount",8.58961486816406
"Floyd",8.5887041091919
"Hampton",8.5881290435791
"Newton",8.58767700195312
"Berrien",8.58705139160156
"Cass",8.58634567260742
"Jefferson",8.58505344390869
"Covington",8.584716796875
"Trimble",8.58395862579346
"Bullitt",8.58381652832031
"Culpeper",8.58193683624268
"Cerro Gordo",8.58190536499023
"Minnehaha",8.58184909820557
"Dallas",8.57595634460449
"Starr",8.57529735565186
"Jefferson",8.57401084899902
"Mercer",8.57357978820801
"McDonough",8.57317543029785
"Lincoln",8.57236576080322
"Morton",8.57231616973877
"Price",8.57224655151367
"Fayette",8.57218837738037
"Allegany",8.57183742523193
"Burnet",8.56902122497559
"Deuel",8.56691551208496
"Morrison",8.56648445129395
"Jersey",8.56484794616699
"Bracken",8.56238460540771
"Bastrop",8.56140804290771
"Lee",8.5610761642456
"Davison",8.56063461303711
"Delta",8.5572338104248
"Moody",8.55686569213867
"Marshall",8.5561933517456
"Tuscola",8.55458831787109
"Meigs",8.55423736572266
"Winnebago",8.55372619628906
"Clarion",8.55233764648438
"Hopewell",8.55079364776611
"Adams",8.54981327056885
"Clare",8.54894161224365
"Pinellas",8.54890251159668
"Franklin",8.54443645477295
"Edwards",8.54247665405273
"Wapello",8.5397891998291
"Hunt",8.53906440734863
"Lincoln",8.53592014312744
"Simpson",8.53420829772949
"Perry",8.53385543823242
"Willacy",8.53277015686035
"Newton",8.53199291229248
"Clay",8.53190422058105
"Stutsman",8.53148555755615
"McCracken",8.53139305114746
"Harrison",8.53091430664062
"Sebastian",8.53048706054688
"Mercer",8.53015804290771
"Columbia",8.52972602844238
"Troup",8.5286455154419
"Pine",8.52818965911865
"Woodruff",8.52791881561279
"Onondaga",8.52725124359131
"Orange",8.52633571624756
"Faribault",8.52566623687744
"Douglas",8.5254373550415
"Cross",8.5252571105957
"Leflore",8.52439785003662
"Newton",8.52365875244141
"Jasper",8.52334499359131
"Crittenden",8.52159595489502
"Tyler",8.52135562896729
"Yazoo",8.51929569244385
"Scioto",8.51924228668213
"Greene",8.51809024810791
"Walker",8.51730918884277
"Grant",8.51503086090088
"Gladwin",8.51479530334473
"Putnam",8.51425266265869
"Ohio",8.51344108581543
"Todd",8.51228713989258
"Lawrence",8.51209545135498
"Mason",8.5111665725708
"Durham",8.51035404205322
"Ballard",8.50948143005371
"Henrico",8.5092306137085
"Hamblen",8.50798034667969
"Hood",8.50692176818848
"Jackson",8.50680160522461
"Rock",8.50556755065918
"White",8.50547313690186
"Shelby",8.5045051574707
"Mississippi",8.5040979385376
"Liberty",8.50366401672363
"Claiborne",8.50346088409424
"Sunflower",8.50334167480469
"Tucker",8.50246620178223
"Meade",8.50206565856934
"Osceola",8.50173568725586
"Franklin",8.50118732452393
"Pipestone",8.5
"Petersburg",8.49978446960449
"Sullivan",8.49782752990723
"Amite",8.49743938446045
"Albemarle",8.49609184265137
"Lowndes",8.49385929107666
"Roscommon",8.49368667602539
"Drew",8.49180603027344
"Lawrence",8.48835754394531
"Lee",8.48796367645264
"Scott",8.48747062683105
"Union",8.48739051818848
"Boone",8.48708152770996
"Hamilton",8.48593521118164
"Staunton",8.48506832122803
"Sioux",8.48485279083252
"Delaware",8.48460578918457
"Bradley",8.48432540893555
"Clearwater",8.48422336578369
"Madison",8.48391437530518
"Arkansas",8.48166847229004
"Crawford",8.47934627532959
"Jefferson",8.47605991363525
"McCurtain",8.47558307647705
"Cabell",8.47419834136963
"Morris",8.47412204742432
"Bristol",8.47398567199707
"Fulton",8.47274780273438
"East Feliciana",8.47256088256836
"Jackson",8.47107410430908
"Harford",8.47100067138672
"Rogers",8.47084140777588
"Gallatin",8.46942901611328
"Lyon",8.46866703033447
"Robertson",8.46848011016846
"Boyd",8.46825504302979
"Arenac",8.46819305419922
"Sumner",8.46706962585449
"Hamilton",8.46693515777588
"Oldham",8.46669960021973
"Etowah",8.46606636047363
"Caldwell",8.4634313583374
"Holt",8.46341514587402
"Door",8.46319007873535
"DeSoto",8.46308994293213
"McKean",8.46294212341309
"Oceana",8.462721824646
"Hopkins",8.46248531341553
"Hamilton",8.46230125427246
"Griggs",8.46142673492432
"Atkinson",8.46036720275879
"Hancock",8.45687866210938
"Williamson",8.45652008056641
"Washburn",8.45495128631592
"Lyon",8.45406532287598
"Jasper",8.45341491699219
"Pike",8.45339965820312
"Grant",8.45292472839355
"Cherokee",8.45264339447021
"Calhoun",8.4523458480835
"Hancock",8.45231437683105
"St. Tammany",8.45204162597656
"Grant",8.45065593719482
"Pulaski",8.44985294342041
"Newport News",8.4497241973877
"St. Louis",8.44942760467529
"Bosque",8.44667530059814
"Beauregard",8.44625377655029
"Macon",8.44596195220947
"Ritchie",8.44579887390137
"Herkimer",8.4455623626709
"Brown",8.44495964050293
"Marshall",8.44461536407471
"Logan",8.44327163696289
"Nevada",8.44257068634033
"Lake",8.44234561920166
"LaPorte",8.4404821395874
"McCook",8.43991470336914
"Red River",8.43863296508789
"Buena Vista",8.43675518035889
"Wagoner",8.43574047088623
"Dutchess",8.43568420410156
"Rhea",8.4344539642334
"Somervell",8.43272876739502
"Fayette",8.43179225921631
"Duval",8.43069744110107
"Attala",8.43055820465088
"Schuyler",8.43053150177002
"Logan",8.43022346496582
"Monroe",8.4295244216919
"Jackson",8.42804145812988
"Fulton",8.42801570892334
"Winston",8.42790508270264
"Harrison",8.4243574142456
"Pike",8.42404365539551
"Sioux",8.42344856262207
"Campbell",8.42284679412842
"Platte",8.42214679718018
"Guadalupe",8.42186069488525
"Tift",8.41891288757324
"Western Connecticut",8.41875839233398
"Missaukee",8.41866588592529
"Wilson",8.41843128204346
"Adams",8.41776371002197
"Grant",8.41771697998047
"Randolph",8.41680240631104
"Coffee",8.4136848449707
"Lincoln",8.41290473937988
"Broward",8.41262531280518
"Hardin",8.41095161437988
"Genesee",8.41024589538574
"Pulaski",8.4101448059082
"Wirt",8.40927600860596
"Aitkin",8.40911293029785
"Ottawa",8.40874481201172
"Norton",8.4084939956665
"Wilkes",8.40813636779785
"Newton",8.40792179107666
"Choctaw",8.40727710723877
"Monroe",8.40663909912109
"Cooke",8.40578842163086
"McMinn",8.40408325195312
"Muhlenberg",8.40302658081055
"Monroe",8.40212726593018
"Marinette",8.40120506286621
"Greenup",8.40003299713135
"Desha",8.40001487731934
"Polk",8.39921188354492
"Le Flore",8.39792442321777
"Barbour",8.3971004486084
"Otsego",8.39462089538574
"Hickman",8.39406967163086
"Ouachita",8.39398193359375
"Walton",8.39386653900146
"Anderson",8.39245891571045
"Doddridge",8.39203453063965
"Saline",8.39192771911621
"Dallas",8.39182758331299
"Montgomery",8.3917121887207
"Breckinridge",8.39153003692627
"Steele",8.3881664276123
"Williamson",8.38812446594238
"Mason",8.38777828216553
"Warren",8.38680171966553
"Lexington",8.38639068603516
"Hardin",8.38612174987793
"Mayes",8.38268756866455
"Clark",8.38192749023438
"Lampasas",8.38185691833496
"Habersham",8.38139343261719
"Bonner",8.37850379943848
"Oktibbeha",8.37772560119629
"Bedford",8.37759971618652
"Lamoille",8.37755107879639
"Spalding",8.37692546844482
"Starke",8.37608623504639
"Bolivar",8.37598896026611
"Orleans",8.37545776367188
"Lamar",8.37533187866211
"Tangipahoa",8.37524795532227
"Garfield",8.37497901916504
"Greater Bridgeport",8.37450790405273
"Essex",8.3743257522583
"Buchanan",8.3737268447876
"Elbert",8.37262153625488
"Barry",8.37226581573486
"Rutland",8.37205410003662
"Berrien",8.37173748016357
"Orange",8.37104034423828
"Butler",8.37024116516113
"Warren",8.36960029602051
"Schuyler",8.36934471130371
"Tompkins",8.36846733093262
"Hot Spring",8.36714839935303
"Nobles",8.36629962921143
"Jessamine",8.36599826812744
"Ashtabula",8.3654613494873
"Martin",8.36396789550781
"Guilford",8.36199760437012
"Dickey",8.3598518371582
"Delaware",8.35951519012451
"Massac",8.35915088653564
"Walthall",8.35814189910889
"Madison",8.35812664031982
"Austin",8.3577070236206
"Pike",8.3575849533081
"Noxubee",8.35717678070068
"Franklin",8.35501861572266
"Dade",8.35499668121338
"Ogemaw",8.3545331954956
"Wright",8.35407066345215
"Saline",8.3531608581543
"Brown",8.35289669036865
"Suffolk",8.35237503051758
"Fauquier",8.35227680206299
"Lewis",8.34977340698242
"Sanilac",8.34960269927979
"Carlisle",8.34841156005859
"Prairie",8.34831523895264
"Redwood",8.34532737731934
"Lee",8.34349918365479
"Christian",8.34331130981445
"Coffee",8.34307289123535
"Worth",8.34229755401611
"Haralson",8.34181880950928
"Forsyth",8.34150886535645
"Parker",8.34038257598877
"Aurora",8.33984565734863
"Hampshire",8.3392915725708
"Caroline",8.33896064758301
"Martinsville",8.33793640136719
"Murray",8.33746719360352
"Nelson",8.33572769165039
"St. Clair",8.33301544189453
"Caledonia",8.33243751525879
"Marion",8.33188056945801
"Lamar",8.33173274993896
"Clay",8.32506942749023
"Hancock",8.32401180267334
"Jackson",8.32392311096191
"Holmes",8.32367420196533
"Yell",8.3228349685669
"Marion",8.32264995574951
"Irwin",8.32241821289062
"Queen Anne's",8.32083702087402
"Roanoke",8.32063484191895
"Cape Girardeau",8.32036781311035
"Washington",8.32034873962402
"Crawford",8.31922340393066
"Braxton",8.31848812103271
"San Patricio",8.3183479309082
"Danville",8.31784343719482
"Butts",8.31776809692383
"Wayne",8.31750011444092
"Chattooga",8.31480407714844
"Wilcox",8.31458854675293
"Garland",8.31145000457764
"Newton",8.31021213531494
"Dooly",8.31010055541992
"Dougherty",8.30965900421143
"Adams",8.30852508544922
"Kanawha",8.30800247192383
"Fluvanna",8.30758857727051
"Richmond",8.30676174163818
"Wexford",8.30659294128418
"Morgan",8.3041467666626
"Doniphan",8.30393409729004
"Ben Hill",8.30370903015137
"Stafford",8.30306529998779
"Franklin",8.30291080474854
"Ste. Genevieve",8.30013751983643
"Kossuth",8.29953193664551
"Val Verde",8.29910564422607
"Colorado",8.29905319213867
"Webster",8.29832172393799
"Crisp",8.29733657836914
"Sequatchie",8.29619884490967
"Pike",8.2932939529419
"Harrison",8.29292964935303
"Henry",8.29164600372314
"Larue",8.29160976409912
"Washington",8.29097175598145
"Watonwan",8.28924560546875
"Lanier",8.28903388977051
"Robertson",8.28837585449219
"Andrew",8.28793048858643
"Chickasaw",8.28625965118408
"Limestone",8.28612613677979
"Franklin",8.28571319580078
"Lewis",8.28551006317139
"Franklin",8.28512287139893
"Franklin",8.28476619720459
"Radford",8.28429222106934
"Seminole",8.28358936309814
"Wayne",8.28310489654541
"Iosco",8.28286266326904
"Perry",8.2822265625
"Jefferson",8.27964878082275
"Grady",8.27939510345459
"St. Helena",8.27938938140869
"Tuscaloosa",8.27912044525146
"Baker",8.27875423431396
"Polk",8.27832794189453
"Franklin",8.2781229019165
"Blount",8.27550029754639
"Forrest",8.27502918243408
"Walker",8.27455234527588
"Washington",8.27408027648926
"Sawyer",8.27148723602295
"Nelson",8.27131748199463
"Wadena",8.27000331878662
"Gloucester",8.26954078674316
"Polk",8.26913738250732
"Union",8.26913452148438
"Conway",8.26853942871094
"Shelby",8.26832866668701
"Sampson",8.26798629760742
"Scott",8.26628112792969
"Wise",8.2662763595581
"Calhoun",8.26566219329834
"Oscoda",8.26472187042236
"Owen",8.26346302032471
"Crawford",8.26191139221191
"Schley",8.26111602783203
"Houston",8.26074504852295
"Foster",8.2601728439331
"Turner",8.25942420959473
"Emmet",8.25904273986816
"Lee",8.25843906402588
"Wyoming",8.25781631469727
"Pickens",8.25515174865723
"Atchison",8.25491523742676
"Schoharie",8.25456142425537
"Osceola",8.25415515899658
"Perry",8.25298976898193
"Greene",8.25211143493652
"Cleburne",8.25075244903564
"Monroe",8.25030040740967
"Scott",8.24997520446777
"Montgomery",8.24732494354248
"Lyon",8.24688243865967
"Calhoun",8.24619483947754
"Miami-Dade",8.24531555175781
"Gilmer",8.24462223052979
"Seneca",8.24448013305664
"Pendleton",8.24399566650391
"Mobile",8.24340057373047
"Winston",8.24232006072998
"DeKalb",8.24210262298584
"Dyer",8.24174404144287
"Clarke",8.24149322509766
"Lincoln",8.24017333984375
"Union",8.23866939544678
"Laurel",8.23841762542725
"Spencer",8.23829364776611
"Augusta",8.2380199432373
"Grundy",8.23793697357178
"Calhoun",8.23681259155273
"Lauderdale",8.23625087738037
"Nodaway",8.23597240447998
"Todd",8.23475646972656
"Carlton",8.23403644561768
"Manatee",8.23369693756104
"Livingston",8.23337364196777
"Thomas",8.23310852050781
"Craig",8.23267841339111
"Talladega",8.23236465454102
"Roane",8.23091983795166
"Monroe",8.22969245910645
"Nowata",8.22917175292969
"Carroll",8.228515625
"Leavenworth",8.22799587249756
"Trigg",8.22742652893066
"Spotsylvania",8.2263765335083
"Fannin",8.22286796569824
"Blanco",8.2228536605835
"Yates",8.22129726409912
"Berkshire",8.219651222229
"Trousdale",8.21903705596924
"Oconee",8.21891784667969
"Barren",8.21885585784912
"Van Buren",8.21884441375732
"Butler",8.21874618530273
"Lucas",8.21865844726562
"Grainger",8.21823501586914
"Kalkaska",8.21744728088379
"Dickinson",8.2173547744751
"Woodford",8.21711254119873
"Ulster",8.21624851226807
"Menominee",8.21558380126953
"Lamar",8.2155818939209
"Lowndes",8.214919090271
"Brule",8.21303176879883
"Calhoun",8.21207618713379
"Worth",8.21168422698975
"Kemper",8.20753002166748
"Palm Beach",8.20550537109375
"White",8.20535087585449
"Amherst",8.20505046844482
"Jasper",8.20481300354004
"Warren",8.20480346679688
"Grayson",8.2045087814331
"Marshall",8.20391368865967
"Tunica",8.20310592651367
"Haskell",8.20302295684814
"Franklin",8.19974994659424
"Montgomery",8.19954776763916
"Wise",8.19866847991943
"Essex",8.19843769073486
"McDonald",8.19722366333008
"Pike",8.19611644744873
"Hawkins",8.19602584838867
"Duplin",8.19577693939209
"Zapata",8.19543743133545
"Gentry",8.19468879699707
"Cecil",8.19439315795898
"Erie",8.19421482086182
"Warren",8.1942081451416
"Venango",8.19368362426758
"Coffee",8.19284057617188
"Montgomery",8.1920280456543
"Louisa",8.19138431549072
"Cattaraugus",8.19070720672607
"Bennington",8.19038200378418
"White",8.18955516815186
"Botetourt",8.18895721435547
"Fallon",8.187912940979
"Grand Traverse",8.18633460998535
"Pulaski",8.18457984924316
"Whitley",8.18417263031006
"Cleveland",8.1840705871582
"Richardson",8.18391227722168
"Love",8.18378353118896
"Jeff Davis",8.18338680267334
"Grenada",8.18195629119873
"Alexander",8.18144702911377
"Audubon",8.18133926391602
"Itawamba",8.17817306518555
"Muskogee",8.17815971374512
"Chesterfield",8.17800331115723
"Pickett",8.17774105072021
"Tallapoosa",8.17752361297607
"Bowman",8.17732238769531
"Bibb",8.17637348175049
"Jones",8.17535209655762
"Orange",8.17472743988037
"Bledsoe",8.17470073699951
"Douglas",8.1746883392334
"Livingston",8.17464828491211
"Cook",8.1721134185791
"Forest",8.17125988006592
"Cherokee",8.17123031616211
"Phillips",8.17076587677002
"Clay",8.17063808441162
"Surry",8.17060375213623
"Upson",8.17053127288818
"Graves",8.17031383514404
"Decatur",8.16969108581543
"Union",8.16928672790527
"Chambers",8.16894817352295
"Jackson",8.16886520385742
"Wayne",8.16811466217041
"Adair",8.16798496246338
"Miller",8.16723537445068
"Pushmataha",8.16700267791748
"Chouteau",8.16660404205322
"Pike",8.16624450683594
"Pulaski",8.16581058502197
"Lawrence",8.16568946838379
"Taylor",8.16494560241699
"Cottonwood",8.16484642028809
"Sumter",8.16248512268066
"Sedgwick",8.16215419769287
"Cheatham",8.16170978546143
"Pottawattamie",8.16152381896973
"Smith",8.1605749130249
"Jasper",8.15974044799805
"Guthrie",8.15939617156982
"Baldwin",8.15854263305664
"Elmore",8.15707778930664
"Pontotoc",8.15636348724365
"Perry",8.15621662139893
"Huron",8.15594863891602
"Cumberland",8.15569686889648
"Adair",8.15518379211426
"Madison",8.15510272979736
"Pasco",8.15466690063477
"Moore",8.15425109863281
"Lumpkin",8.15400123596191
"Meriwether",8.15341377258301
"Buckingham",8.15235996246338
"Monroe",8.15231800079346
"Webster",8.15180683135986
"Mercer",8.15170001983643
"Bedford",8.15151500701904
"Lee",8.15030384063721
"Bourbon",8.15003967285156
"Boyle",8.14825916290283
"Columbia",8.1480655670166
"Fremont",8.14717292785645
"Lauderdale",8.14701747894287
"Murray",8.14675426483154
"Knox",8.14657020568848
"Van Buren",8.14615345001221
"Adams",8.14548397064209
"Bryan",8.14474773406982
"Clinton",8.14377593994141
"Page",8.14326667785645
"Lyman",8.142991065979
"Marion",8.14275646209717
"Ringgold",8.14245414733887
"Lafayette",8.14208698272705
"Shawnee",8.14137840270996
"Manistee",8.13987445831299
"Rockbridge",8.13963794708252
"Crawford",8.13890933990479
"Tallahatchie",8.13812351226807
"Martin",8.13810157775879
"Sarasota",8.13634490966797
"Sequoyah",8.13589191436768
"Putnam",8.13533687591553
"Clay",8.13515949249268
"Floyd",8.13404369354248
"Charles",8.13394355773926
"Kendall",8.13372707366943
"Washington",8.13342380523682
"Lee",8.13251781463623
"Clark",8.13233375549316
"Mills",8.13207817077637
"Leslie",8.13200187683105
"Calloway",8.13193893432617
"Catawba",8.13114547729492
"Letcher",8.13114261627197
"Quitman",8.1309061050415
"Harlan",8.13073921203613
"Campbell",8.13009262084961
"Sullivan",8.1300802230835
"Hughes",8.12983894348145
"St. Francis",8.1295223236084
"Lawrence",8.12950134277344
"Cumberland",8.1290807723999
"Palo Alto",8.128737449646
"Ontario",8.12841129302979
"Oneida",8.12819385528564
"Decatur",8.12790298461914
"Ransom",8.12769508361816
"DeKalb",8.12613296508789
"Galax",8.12588977813721
"Brooks",8.12536334991455
"Peach",8.12470054626465
"Perry",8.1243724822998
"Edmonson",8.12254524230957
"Clay",8.12245082855225
"Brown",8.12216472625732
"Talbot",8.12205505371094
"Harris",8.12074375152588
"Tishomingo",8.12071704864502
"Caldwell",8.12018966674805
"Humboldt",8.12002468109131
"Prentiss",8.11930847167969
"Pike",8.11913394927979
"Upshur",8.11902332305908
"Potter",8.11799812316895
"Marion",8.11728191375732
"Fleming",8.1165943145752
"Gaston",8.11541366577148
"Union",8.1152286529541
"Colbert",8.11430549621582
"Carter",8.11390590667725
"Putnam",8.11302661895752
"Allen",8.11275577545166
"Yalobusha",8.11263847351074
"Lamar",8.11164665222168
"Fannin",8.11148738861084
"Richmond",8.11102390289307
"Taylor",8.10958003997803
"Nicholas",8.10769939422607
"Tipton",8.10760974884033
"Harrison",8.10730171203613
"Russell",8.10661697387695
"Lavaca",8.1062536239624
"Wayne",8.1050615310669
"Chatham",8.10476303100586
"Carroll",8.10466480255127
"Franklin",8.10341835021973
"Coosa",8.10330486297607
"McCreary",8.10317802429199
"McIntosh",8.1027364730835
"Morgan",8.10177516937256
"Russell",8.09761047363281
"Cayuga",8.0974760055542
"Lincoln",8.09717655181885
"Alcona",8.09715843200684
"Josephine",8.09689331054688
"Clarke",8.09588718414307
"Matagorda",8.0951623916626
"Chattahoochee",8.09500789642334
"Florence",8.09486293792725
"Cannon",8.09479427337646
"Cass",8.09407329559326
"Carter",8.09393978118896
"Fayette",8.09267997741699
"Bacon",8.09253311157227
"Johnson",8.09102249145508
"Fentress",8.09007740020752
"Greene",8.08960247039795
"Windsor",8.08947658538818
"Hardin",8.08940887451172
"Montgomery",8.08791160583496
"Wayne",8.08781337738037
"Pope",8.08759498596191
"Clay",8.08713054656982
"Crawford",8.08703136444092
"Forest",8.0866813659668
"Randolph",8.08632469177246
"Cabarrus",8.08384990692139
"Jackson",8.08304309844971
"St. Francois",8.082350730896
"Dale",8.08221530914307
"Stewart",8.08163070678711
"Scott",8.08053398132324
"Calhoun",8.07999134063721
"Goochland",8.07969188690186
"Telfair",8.07894229888916
"Hutchinson",8.07789611816406
"Lexington",8.07761287689209
"Benton",8.07653331756592
"Greene",8.07630443572998
"Lee",8.07570743560791
"Tippah",8.07371139526367
"Greenville",8.07295894622803
"Garrard",8.07200908660889
"Hart",8.07182216644287
"Alpena",8.0707836151123
"Anderson",8.07002544403076
"Coahoma",8.06952857971191
"Hampden",8.06908798217773
"Clinton",8.06901168823242
"Twiggs",8.06894779205322
"Greene",8.06891536712646
"Knott",8.06716156005859
"Kent",8.06700420379639
"Lake",8.06627178192139
"Montgomery",8.06573486328125
"Alcorn",8.06561756134033
"Otsego",8.06551265716553
"Crenshaw",8.0650520324707
"Jefferson",8.06435489654541
"Stanley",8.06352138519287
"Lee",8.06346702575684
"Johnston",8.06317329406738
"Marshall",8.06311798095703
"Llano",8.06149482727051
"Powell",8.06092357635498
"Mingo",8.06074047088623
"Toole",8.05965042114258
"Clark",8.0593786239624
"Campbell",8.05918884277344
"Maury",8.058669090271
"Montgomery",8.05578517913818
"Crittenden",8.05558204650879
"Green",8.05531120300293
"Lee",8.05527877807617
"Chautauqua",8.05493259429932
"Choctaw",8.05415153503418
"Chilton",8.05393695831299
"Montmorency",8.05332660675049
"Canadian",8.0531759262085
"Iredell",8.05253219604492
"Nemaha",8.05251979827881
"Estill",8.0520076751709
"Hunterdon",8.05166339874268
"Marshall",8.05117034912109
"Claiborne",8.05116939544678
"Owsley",8.05104827880859
"Coos",8.05087471008301
"Bell",8.05057144165039
"Latimer",8.04928779602051
"Corson",8.04844951629639
"Lauderdale",8.04826736450195
"Dewey",8.04739761352539
"Greene",8.04711532592773
"Alleghany",8.04655075073242
"Labette",8.04596328735352
"Lincoln",8.04594993591309
"Washington",8.04482364654541
"Stone",8.04397487640381
"Jackson",8.04393196105957
"Rowan",8.0438871383667
"Walworth",8.04376411437988
"Wilkinson",8.04367542266846
"Somerset",8.0433406829834
"Pulaski",8.0429630279541
"Madison",8.04220104217529
"Randolph",8.04193115234375
"Logan",8.04174423217773
"Wayne",8.04103755950928
"Douglas",8.04056453704834
"Yadkin",8.04054927825928
"Harnett",8.04025268554688
"Dickinson",8.04002380371094
"Stone",8.03982734680176
"Bath",8.03848075866699
"Atchison",8.03743171691895
"Carroll",8.0372142791748
"Atoka",8.03681659698486
"Johnson",8.03663349151611
"Davis",8.03632640838623
"Pope",8.03627109527588
"O'Brien",8.03567981719971
"Pittsburg",8.03543186187744
"Shelby",8.03542613983154
"Cortland",8.0354061126709
"South Central Connecticut",8.0347204208374
"Greene",8.0337963104248
"Anderson",8.03378295898438
"Montgomery",8.03336524963379
"Coal",8.03333568572998
"Dickson",8.03291702270508
"Jackson",8.03175449371338
"Boone",8.03137683868408
"Lincoln",8.03133487701416
"Raleigh",8.03123569488525
"Appanoose",8.03077030181885
"Sully",8.03033638000488
"Lawrence",8.02979755401611
"Overton",8.02863502502441
"Macon",8.02830696105957
"Vilas",8.02522945404053
"Pontotoc",8.02451705932617
"Wharton",8.02426052093506
"Kay",8.02310371398926
"Benton",8.02266979217529
"Johnson",8.02210426330566
"Escambia",8.02164173126221
"Taylor",8.02086067199707
"Haywood",8.02051067352295
"Turner",8.0203046798706
"Scott",8.01941585540771
"Collier",8.01832962036133
"Monroe",8.01657676696777
"Wakulla",8.01657390594482
"Cass",8.0165433883667
"Douglas",8.01637268066406
"Lafayette",8.01493549346924
"Polk",8.01434230804443
"Jefferson",8.0142879486084
"Dodge",8.01350116729736
"Neosho",8.01260375976562
"Appomattox",8.01255416870117
"Faulkner",8.01235961914062
"Clay",8.01218223571777
"Cherokee",8.01199245452881
"Obion",8.01082801818848
"Franklin",8.01075553894043
"Kimble",8.01031303405762
"Nueces",8.01014137268066
"Marion",8.00997161865234
"Cumberland",8.00874900817871
"Warren",8.00826549530029
"Karnes",8.00814628601074
"Breathitt",8.00790119171143
"Cass",8.00659275054932
"Daviess",8.00583648681641
"Pearl River",8.00539970397949
"Wilkes",8.0040864944458
"Barnes",8.0029182434082
"McMullen",8.00282859802246
"Hardin",8.00260066986084
"Hanover",8.00222396850586
"Talbot",8.00178718566895
"Macon",8.00131893157959
"Sumter",8.00079727172852
"Spokane",7.99985551834106
"Lincoln",7.99829149246216
"Osage",7.99695730209351
"Lee",7.99658870697021
"Antrim",7.99601650238037
"Nemaha",7.99596118927002
"Windham",7.99315023422241
"Anson",7.99195194244385
"Wolfe",7.99059534072876
"Hamilton",7.99017763137817
"Davidson",7.98843193054199
"Madison",7.98768329620361
"Henry",7.98767948150635
"Spartanburg",7.98483037948608
"Humphreys",7.98406505584717
"Autauga",7.98362350463867
"Houston",7.98294448852539
"Rockcastle",7.98229360580444
"Gasconade",7.98200273513794
"Chippewa",7.97925853729248
"Adair",7.97846984863281
"Wilson",7.97834777832031
"Cumberland",7.97804880142212
"Marion",7.97797441482544
"Bleckley",7.97726631164551
"Fayette",7.97700834274292
"Caroline",7.97576332092285
"Montgomery",7.97516584396362
"Gibson",7.97491312026978
"Washington",7.97478485107422
"Menifee",7.97428607940674
"Cowley",7.97388362884521
"York",7.97263431549072
"Pawnee",7.97219228744507
"Montgomery",7.97083806991577
"Choctaw",7.97045516967773
"Ziebach",7.969970703125
"White",7.96850061416626
"Henry",7.96774387359619
"Lawrence",7.96772384643555
"Dickenson",7.9664568901062
"Appling",7.96535730361938
"Leelanau",7.96478223800659
"Tate",7.96432304382324
"Mercer",7.96411609649658
"Fayette",7.96316385269165
"Seminole",7.96292495727539
"Cole",7.96268701553345
"Bath",7.96198511123657
"Terrell",7.96171188354492
"Kent",7.9616904258728
"Metcalfe",7.9601035118103
"Crawford",7.95988512039185
"Garvin",7.95898962020874
"Madison",7.95851612091064
"Ralls",7.9580545425415
"Elliott",7.95706462860107
"Beaufort",7.95609426498413
"Montague",7.95600700378418
"George",7.95474767684937
"Lancaster",7.95469331741333
"Webster",7.95431089401245
"Barton",7.95387983322144
"Hancock",7.95313549041748
"Ray",7.9521951675415
"Crockett",7.95087242126465
"St. Lawrence",7.95059490203857
"Crawford",7.94767332077026
"Buchanan",7.94731712341309
"Bollinger",7.94582223892212
"Geneva",7.94498825073242
"LaMoure",7.94460773468018
"Boone",7.94411754608154
"Union",7.94340372085571
"Hernando",7.94318532943726
"Summers",7.94243049621582
"Refugio",7.94171237945557
"Geary",7.94145965576172
"Warren",7.94028949737549
"Dakota",7.9402494430542
"Floyd",7.9395260810852
"Hughes",7.9386625289917
"Person",7.93849897384644
"Hale",7.93783473968506
"Pettis",7.93746900558472
"Live Oak",7.93625402450562
"Leon",7.93533086776733
"Magoffin",7.93531084060669
"Pike",7.93527173995972
"Pickens",7.9346194267273
"Plymouth",7.93426895141602
"Monmouth",7.93423748016357
"Cheboygan",7.93378400802612
"Callaway",7.93301057815552
"Okmulgee",7.9328203201294
"Randolph",7.93147373199463
"Casey",7.93048191070557
"Powhatan",7.93032073974609
"Wheeler",7.93007659912109
"Moore",7.929847240448
"Butler",7.92928791046143
"Citrus",7.92887449264526
"Hancock",7.92883253097534
"Presque Isle",7.92755031585693
"Russell",7.92737102508545
"Delta",7.92728185653687
"Richland",7.92684745788574
"Sevier",7.92671489715576
"Baldwin",7.92539596557617
"Highland",7.92466497421265
"Taliaferro",7.92464733123779
"Osage",7.92463397979736
"Grundy",7.92414903640747
"Marshall",7.92320728302002
"Wayne",7.92031240463257
"Chatham",7.91859340667725
"Barbour",7.91766357421875
"Washington",7.91643524169922
"Santa Rosa",7.91635370254517
"Custer",7.91608047485352
"Alamance",7.91587018966675
"Clay",7.91471481323242
"Orange",7.91193771362305
"Panola",7.9116907119751
"Naugatuck Valley",7.91168832778931
"Early",7.91111660003662
"Clay",7.91100168228149
"McDowell",7.90930795669556
"Hardeman",7.90781402587891
"Otoe",7.90768003463745
"Johnston",7.90708160400391
"Caldwell",7.90645980834961
"Boone",7.90616321563721
"Riley",7.90523290634155
"Washington",7.90491247177124
"King George",7.90344285964966
"Lewis",7.90300607681274
"Rowan",7.90261220932007
"Lewis",7.90246915817261
"Dorchester",7.90223693847656
"Middlesex",7.90181732177734
"McDuffie",7.90134000778198
"Wayne",7.90023326873779
"Lincoln",7.8994402885437
"Vance",7.89937973022461
"McNairy",7.89932537078857
"Carroll",7.89921855926514
"Hoke",7.89829349517822
"Halifax",7.89800643920898
"McCormick",7.8979115486145
"DeWitt",7.89747142791748
"Toombs",7.89584493637085
"Flathead",7.89583492279053
"Tattnall",7.89552736282349
"Carroll",7.89507722854614
"Morgan",7.8939962387085
"Miami",7.89326667785645
"Union",7.89248657226562
"Washington",7.89158344268799
"Mecklenburg",7.89149045944214
"Putnam",7.89136743545532
"Liberty",7.8903923034668
"Henry",7.88780641555786
"Davie",7.88656616210938
"Wyoming",7.88614463806152
"Taney",7.88562393188477
"Pawnee",7.88546514511108
"Hickman",7.88436698913574
"Gillespie",7.88412046432495
"Sussex",7.88319683074951
"Stokes",7.88187599182129
"Patrick",7.88177728652954
"Pittsylvania",7.88125562667847
"Craig",7.87902927398682
"Henry",7.87804365158081
"Greenwood",7.87803649902344
"Cocke",7.87792205810547
"Perry",7.87790966033936
"Stanly",7.87726783752441
"Oswego",7.87491083145142
"Charlevoix",7.87450695037842
"Prince Edward",7.87370157241821
"Montgomery",7.87287425994873
"Salem",7.87268972396851
"Williamsburg",7.87257289886475
"Stewart",7.87070751190186
"Giles",7.87031698226929
"Lake",7.87015438079834
"Charlotte",7.86977863311768
"Johnson",7.86948728561401
"Harrison",7.86834144592285
"Greenwood",7.86798191070557
"Wythe",7.86726474761963
"Audrain",7.8669171333313
"Victoria",7.86639547348022
"Decatur",7.86491775512695
"Pocahontas",7.8635196685791
"Dallas",7.86336612701416
"Essex",7.86315441131592
"Iron",7.86243152618408
"Covington",7.86239337921143
"Elk",7.86185455322266
"Pocahontas",7.86141061782837
"Lowndes",7.86127710342407
"Grafton",7.86072683334351
"Richmond",7.86062049865723
"Mercer",7.85949182510376
"Franklin",7.85853433609009
"Granville",7.85820770263672
"Marengo",7.85799217224121
"Woodson",7.8576283454895
"Laurens",7.85744571685791
"Caldwell",7.85737323760986
"Stephens",7.85712337493896
"Clinch",7.85592651367188
"Dade",7.85584688186646
"Burke",7.85578203201294
"Okaloosa",7.85550403594971
"Cleveland",7.8553147315979
"Saluda",7.85482311248779
"Charles City",7.85467052459717
"Quitman",7.85459232330322
"Houston",7.85404825210571
"Woodbury",7.85187244415283
"Erath",7.85021114349365
"Webb",7.84970092773438
"Allen",7.84918212890625
"Butler",7.84872484207153
"Johnson",7.84866428375244
"Christian",7.84801149368286
"Benton",7.84782028198242
"Edgefield",7.846266746521
"Scotland",7.84575271606445
"Weakley",7.84532308578491
"Pottawatomie",7.84485721588135
"Benzie",7.84451580047607
"Webster",7.84377002716064
"Camden",7.84281873703003
"McClain",7.84244680404663
"Chautauqua",7.84168481826782
"Newberry",7.83987379074097
"Randolph",7.83983945846558
"Seminole",7.83839321136475
"Calhoun",7.83829355239868
"Echols",7.8372974395752
"Madison",7.8361873626709
"Cherokee",7.83545398712158
"Clarke",7.83541870117188
"Ware",7.8349552154541
"Noble",7.83481216430664
"Vernon",7.83420181274414
"Polk",7.83405208587646
"Wayne",7.83399343490601
"Sumter",7.83361673355103
"Walton",7.83357763290405
"Giles",7.83277416229248
"Lafayette",7.83208560943604
"Independence",7.83205223083496
"Clay",7.82929563522339
"Glascock",7.82760953903198
"Calvert",7.82741546630859
"Henderson",7.82730674743652
"Capitol",7.82650566101074
"Anderson",7.82614517211914
"Jackson",7.82504415512085
"Rockingham",7.82464551925659
"Treutlen",7.82447385787964
"Scotland",7.82442569732666
"Monroe",7.82438087463379
"Charlotte",7.82390022277832
"Livingston",7.82378530502319
"Saline",7.82315111160278
"Ida",7.82208347320557
"Grant",7.82186794281006
"Bullock",7.82025909423828
"Cooper",7.8200569152832
"Bates",7.8179144859314
"Gulf",7.81758069992065
"Washington",7.81691646575928
"Bland",7.81642246246338
"Putnam",7.81523704528809
"Chase",7.81419897079468
"Crockett",7.81419849395752
"Moniteau",7.81336355209351
"Wabaunsee",7.81327724456787
"Buena Vista",7.81217241287231
"Coffey",7.81199073791504
"Chester",7.81035661697388
"St. Mary's",7.81006765365601
"Grady",7.8069257736206
"St. Clair",7.80551242828369
"Cherokee",7.80511951446533
"Tazewell",7.8034405708313
"Miller",7.80214929580688
"Morris",7.80104064941406
"Hickory",7.8010106086731
"San Saba",7.80086040496826
"Nicholas",7.80078983306885
"Abbeville",7.79968690872192
"Johnson",7.79831695556641
"Crawford",7.79823398590088
"Wilson",7.79758405685425
"Gage",7.79508924484253
"Ripley",7.7937798500061
"Emmet",7.79305505752563
"King William",7.79100227355957
"Hamilton",7.79060173034668
"Garfield",7.79039716720581
"Maries",7.78911018371582
"Wilson",7.78897762298584
"Petroleum",7.78852319717407
"Marquette",7.78690767288208
"Lyon",7.78402996063232
"Perry",7.78346157073975
"Pierce",7.78207015991211
"Bay",7.78196477890015
"Clay",7.78157472610474
"Morgan",7.78122663497925
"Franklin",7.77942943572998
"Escambia",7.77881622314453
"Laurens",7.77788972854614
"Wilcox",7.77787637710571
"Linn",7.77744197845459
"Sacramento",7.77669763565063
"Cherokee",7.77514410018921
"Creek",7.77340507507324
"Sac",7.77307558059692
"Aiken",7.77172994613647
"Bourbon",7.77171039581299
"Kenedy",7.77147531509399
"Sutton",7.77014684677124
"Conecuh",7.76951694488525
"Osage",7.76656246185303
"Cedar",7.76635789871216
"Cleburne",7.7660174369812
"Jefferson",7.76554536819458
"Greenbrier",7.76465511322021
"Mills",7.76426362991333
"Saline",7.76375913619995
"Taylor",7.76192665100098
"Gadsden",7.76178312301636
"Pottawatomie",7.75930023193359
"Yankton",7.75842761993408
"Lunenburg",7.75708103179932
"James City",7.7569842338562
"Nash",7.75693607330322
"Prince George",7.75686550140381
"Carroll",7.75590705871582
"Iron",7.75580930709839
"Schuyler",7.75527572631836
"Burlington",7.75492572784424
"Dickinson",7.75460577011108
"Payne",7.75306129455566
"Kingfisher",7.75284147262573
"Monroe",7.75223159790039
"Nottoway",7.75105285644531
"Amelia",7.74942588806152
"Martin",7.74829435348511
"Smyth",7.7482419013977
"Adair",7.74806880950928
"Alleghany",7.74584865570068
"Monona",7.74526453018188
"Dixie",7.74476099014282
"Caswell",7.73919582366943
"Comanche",7.73854160308838
"Palo Pinto",7.73715114593506
"Charles Mix",7.73712587356567
"Kinney",7.73533582687378
"Reagan",7.73524904251099
"Sumner",7.73449087142944
"Volusia",7.73445081710815
"Phelps",7.73396348953247
"Jefferson",7.73206615447998
"Mackinac",7.72972726821899
"Glynn",7.72753000259399
"Marion",7.72711133956909
"Kleberg",7.7251706123352
"Washington",7.72218942642212
"Bandera",7.72201347351074
"Sullivan",7.71953296661377
"Howard",7.71742725372314
"Alfalfa",7.71699476242065
"Dallas",7.71391487121582
"Carter",7.71309995651245
"Saunders",7.71178865432739
"Okfuskee",7.71090078353882
"Emanuel",7.71079063415527
"Warren",7.71074199676514
"Sullivan",7.70920705795288
"Lewis",7.70915126800537
"Holmes",7.70553016662598
"Northwest Hills",7.70448112487793
"Harvey",7.69972133636475
"Lancaster",7.69869565963745
"Union",7.69853353500366
"Carter",7.69824838638306
"Wicomico",7.69756507873535
"Bon Homme",7.69534301757812
"Chariton",7.6940712928772
"Monroe",7.6937747001648
"Dixon",7.69144153594971
"Randolph",7.691237449646
"Marion",7.69078493118286
"Pulaski",7.6905026435852
"Orange",7.68946027755737
"Irion",7.68840026855469
"Madison",7.68335103988647
"Cheshire",7.68293046951294
"Van Buren",7.67983150482178
"Chester",7.67935132980347
"King and Queen",7.67932271957397
"Knox",7.67702627182007
"Jefferson",7.67458820343018
"Maverick",7.67219924926758
"Edwards",7.67178964614868
"Rabun",7.67030429840088
"Cumberland",7.67004156112671
"Ottawa",7.6669225692749
"Baxter",7.66656112670898
"Rutherford",7.66573238372803
"Luce",7.66443395614624
"Fairfield",7.66224956512451
"Burke",7.66112327575684
"Westmoreland",7.65972709655762
"Reynolds",7.65860033035278
"Hendry",7.65611410140991
"Hardee",7.65563821792603
"Bee",7.65466403961182
"Perkins",7.65461111068726
"Dinwiddie",7.65307855606079
"New Kent",7.6526665687561
"Emporia",7.6520676612854
"Wichita",7.64975547790527
"Chesapeake",7.64854907989502
"Towns",7.6476321220398
"Macon",7.64729690551758
"Linn",7.64551830291748
"Burt",7.64494800567627
"Kerr",7.64476490020752
"Cloud",7.64462232589722
"Shelby",7.64090299606323
"Suwannee",7.64064645767212
"Haakon",7.63820362091064
"Ashland",7.63754320144653
"York",7.63593816757202
"Candler",7.63363647460938
"McPherson",7.63335418701172
"Mason",7.63262414932251
"Grant",7.6306939125061
"Norfolk",7.6296501159668
"Comanche",7.6286449432373
"Webster",7.62308597564697
"Dent",7.62220859527588
"Charleston",7.62124061584473
"Archer",7.62044477462769
"Logan",7.6200122833252
"Brunswick",7.61925649642944
"Iron",7.61847448348999
"Cotton",7.61473035812378
"Chelan",7.61395168304443
"Lincoln",7.61253118515015
"Washington",7.61082458496094
"Cedar",7.6077823638916
"Lancaster",7.60727262496948
"Levy",7.60376024246216
"Tom Green",7.60211563110352
"Jackson",7.60172176361084
"Laclede",7.6005163192749
"Wayne",7.59863424301147
"Virginia Beach",7.59799766540527
"Evans",7.59573173522949
"Bryan",7.59524154663086
"Chesterfield",7.59338474273682
"Polk",7.58904314041138
"Medina",7.58521747589111
"McDowell",7.58302164077759
"Terrell",7.58200740814209
"Dodge",7.58121871948242
"Lincoln",7.57645082473755
"Reno",7.57544755935669
"Ozark",7.57496404647827
"Republic",7.573166847229
"Clay",7.57256555557251
"Harding",7.57190370559692
"Baker",7.57157802581787
"Worcester",7.56978464126587
"Shannon",7.56924152374268
"Charlton",7.56831312179565
"Grayson",7.56572151184082
"Greene",7.56300592422485
"Marion",7.56027841567993
"Goliad",7.5590648651123
"Oregon",7.55865383148193
"Osceola",7.55643081665039
"Jenkins",7.55320596694946
"New Hanover",7.54850959777832
"Liberty",7.54818725585938
"Lake",7.54381227493286
"San Francisco",7.54321956634521
"Newton",7.5410099029541
"Columbia",7.53990364074707
"Jack",7.53950548171997
"Sharp",7.53888320922852
"Atascosa",7.5387110710144
"Kootenai",7.53869771957397
"Thurston",7.53764009475708
"Ellsworth",7.53493928909302
"Upton",7.53493404388428
"Glades",7.53471755981445
"Nassau",7.53340864181519
"Monroe",7.53330421447754
"Whatcom",7.52719211578369
"Bayfield",7.52158260345459
"Clay",7.51809883117676
"Kings",7.51739597320557
"Harper",7.51573801040649
"Kingman",7.51419973373413
"Gilchrist",7.5135908126831
"Texas",7.5127420425415
"Marlboro",7.51268291473389
"Concho",7.50896596908569
"Flagler",7.50890779495239
"McCulloch",7.50673151016235
"Greensville",7.50626087188721
"Halifax",7.50404024124146
"McIntosh",7.50385665893555
"Graham",7.50354623794556
"DeSoto",7.50296115875244
"Lincoln",7.50258445739746
"Howell",7.50258350372314
"Henderson",7.50245237350464
"Baraga",7.50036001205444
"Robeson",7.4994010925293
"Gloucester",7.4992265701294
"Bulloch",7.4985466003418
"Kershaw",7.49719905853271
"Saline",7.49483442306519
"Wayne",7.49459362030029
"Alger",7.4940938949585
"Long",7.49166393280029
"Mitchell",7.4912109375
"Calhoun",7.49045467376709
"Treasure",7.49036407470703
"Knox",7.48945713043213
"Lenoir",7.48934125900269
"St. Johns",7.4841775894165
"Duval",7.48404932022095
"Glacier",7.4804277420044
"Brantley",7.47994136810303
"Carter",7.47842836380005
"Putnam",7.47788429260254
"Suffolk",7.47767019271851
"Thayer",7.47698450088501
"Schoolcraft",7.47538137435913
"Franklin",7.47243118286133
"Blaine",7.46852254867554
"Gregory",7.46758317947388
"Sussex",7.46746253967285
"Buncombe",7.46692132949829
"Jackson",7.4656229019165
"Real",7.46533012390137
"Edgecombe",7.46457386016846
"Fulton",7.46309947967529
"Douglas",7.46306324005127
"Searcy",7.45996618270874
"Northampton",7.45896482467651
"Camden",7.45730781555176
"Cuming",7.45639991760254
"Johnson",7.45450067520142
"Wright",7.44836854934692
"Watauga",7.44706869125366
"Stone",7.44667339324951
"Screven",7.44587326049805
"Merced",7.4457802772522
"Butler",7.44363784790039
"Calhoun",7.44302654266357
"Barnwell",7.44004440307617
"Jewell",7.43934774398804
"Bradford",7.43550109863281
"Pitt",7.43488788604736
"Unicoi",7.43376970291138
"Major",7.4333119392395
"Brown",7.43189191818237
"Effingham",7.4304051399231
"Alachua",7.42443513870239
"Izard",7.42270755767822
"Caddo",7.42083406448364
"Jasper",7.42017984390259
"Chowan",7.41969537734985
"Sumter",7.41964292526245
"Tripp",7.41096925735474
"Brevard",7.41020059585571
"Highlands",7.4081974029541
"Union",7.40816879272461
"Rosebud",7.40614986419678
"Gogebic",7.40322351455688
"Butte",7.40079832077026
"Pondera",7.40034294128418
"Surry",7.40002393722534
"Okeechobee",7.39828824996948
"Darlington",7.39388942718506
"Jim Wells",7.39181852340698
"Menard",7.39166975021362
"Southampton",7.39166641235352
"Rice",7.38349437713623
"Fergus",7.38001394271851
"La Salle",7.37896823883057
"Colfax",7.3748574256897
"Jones",7.37431812286377
"Ocean",7.37281131744385
"Ashe",7.37053871154785
"Northumberland",7.36946439743042
"Franklin",7.36540508270264
"Meade",7.36433696746826
"Bladen",7.36177587509155
"Berkeley",7.36172580718994
"Lee",7.36000347137451
"Seward",7.3569712638855
"Sanders",7.35473871231079
"Platte",7.35417652130127
"Midland",7.34571409225464
"Hertford",7.34403991699219
"Perquimans",7.34325265884399
"Nuckolls",7.33709955215454
"Russell",7.32542419433594
"Dorchester",7.32496166229248
"Stanton",7.32380437850952
"Oglala Lakota",7.32269763946533
"Pratt",7.32146739959717
"Beaufort",7.32096147537231
"Mellette",7.31748867034912
"San Joaquin",7.31698226928711
"Suffolk",7.31694269180298
"Bristol",7.31607866287231
"Orangeburg",7.31381034851074
"Boyd",7.3136248588562
"Eastland",7.30987739562988
"Allendale",7.30880784988403
"Stafford",7.30723094940186
"Stephens",7.30410814285278
"Schleicher",7.30407667160034
"Hillsborough",7.29920387268066
"Pierce",7.29877138137817
"Indian River",7.29783964157104
"Webster",7.29632186889648
"Sutter",7.29415130615234
"Isle of Wight",7.2928671836853
"Barber",7.29150009155273
"Sussex",7.2902340888977
"Mathews",7.28983354568481
"Bamberg",7.28761386871338
"Providence",7.28688812255859
"Woods",7.28459739685059
"Poquoson",7.2829737663269
"Madison",7.28273677825928
"Avery",7.28232097625732
"Swain",7.27921199798584
"Colleton",7.27503061294556
"Uvalde",7.27456903457642
"Fillmore",7.27382659912109
"Middlesex",7.26995706558228
"Mitchell",7.26512479782104
"Polk",7.26383876800537
"Clay",7.26357460021973
"Barton",7.26324129104614
"Transylvania",7.26312446594238
"Antelope",7.25809955596924
"Pasquotank",7.25808048248291
"Bertie",7.25204372406006
"Young",7.24988746643066
"Shackelford",7.24423027038574
"Denver",7.24404191970825
"St. Lucie",7.24201679229736
"Lane",7.24085998535156
"Hampton",7.23665237426758
"Osborne",7.23422908782959
"Martin",7.23168039321899
"Clarendon",7.22625541687012
"Madison",7.22378492355347
"Stanislaus",7.22316026687622
"Kent",7.21766471862793
"Merrimack",7.21737051010132
"Hall",7.2118821144104
"Smith",7.21018934249878
"Worcester",7.20475244522095
"Adams",7.19781875610352
"Ontonagon",7.1945424079895
"Yancey",7.19328355789185
"Pennington",7.18789863586426
"Dillon",7.18779754638672
"York",7.18636751174927
"Gates",7.17833662033081
"Merrick",7.1774263381958
"Boone",7.17452001571655
"Florence",7.17406463623047
"Macon",7.16810750961304
"Teton",7.16421556472778
"Nance",7.16378021240234
"Franklin",7.15459775924683
"Oxford",7.15012216567993
"Jones",7.1435399055481
"Craven",7.14275074005127
"Kiowa",7.13241720199585
"Houghton",7.12942171096802
"Hamilton",7.12561225891113
"Glasscock",7.12057161331177
"Atlantic",7.11841869354248
"Clark",7.11614656448364
"Onslow",7.11403703689575
"Salt Lake",7.11282300949097
"Pamlico",7.11128807067871
"Comanche",7.10942792892456
"Callahan",7.10897159576416
"Curry",7.10415458679199
"Howard",7.10278415679932
"Lower Connecticut River Valley",7.09557676315308
"Buffalo",7.08888006210327
"Haywood",7.08721351623535
"Humboldt",7.07825326919556
"Keya Paha",7.07448768615723
"Sherman",7.07422113418579
"Brooks",7.07119941711426
"Jim Hogg",7.07035970687866
"Kearney",7.06997203826904
"Horry",7.06599569320679
"Valley",7.06450414657593
"Throckmorton",7.0634446144104
"Camden",7.05551528930664
"Sterling",7.05521535873413
"Cascade",7.05047941207886
"Greeley",7.04730892181396
"Dimmit",7.04724359512329
"Harlan",7.04651594161987
"Georgetown",7.0456485748291
"Phillips",7.0400218963623
"Ellis",7.03816795349121
"Zavala",7.02983045578003
"Jackson",7.02677917480469
"Dawson",7.02610111236572
"Imperial",7.02602386474609
"Essex",7.01556539535522
"Marion",7.01204919815063
"Washington",7.01149606704712
"Todd",7.00641202926636
"Carroll",7.00087451934814
"Skagit",7.00029039382935
"Holt",6.99867486953735
"Phelps",6.99803352355957
"Northeastern Connecticut",6.99778509140015
"Baylor",6.99496173858643
"Somerset",6.9945478439331
"Coleman",6.99266338348389
"Pawnee",6.99131107330322
"Pender",6.99031448364258
"Edwards",6.98585796356201
"Cape May",6.98567867279053
"Woodward",6.9845085144043
"Pecos",6.98441410064697
"Brunswick",6.98074388504028
"Contra Costa",6.97909355163574
"Rooks",6.979088306427
"Belknap",6.97659969329834
"Kiowa",6.97623062133789
"Aroostook",6.97546052932739
"Harper",6.9748272895813
"Tillman",6.9650764465332
"Ford",6.96493339538574
"Meade",6.96359300613403
"Keweenaw",6.9621148109436
"Frio",6.95892858505249
"Williamsburg",6.95770406723022
"Powder River",6.95489501953125
"Rush",6.95427370071411
"Bennett",6.93040609359741
"Custer",6.92886114120483
"Hodgeman",6.9210615158081
"Columbus",6.92005205154419
"Southeastern Connecticut",6.90963888168335
"Wheeler",6.90652275085449
"Wilbarger",6.90204048156738
"Siskiyou",6.89918041229248
"Gosper",6.89635467529297
"Canyon",6.88574600219727
"Musselshell",6.88226222991943
"Accomack",6.88169574737549
"Gray",6.88070344924927
"Northampton",6.87952613830566
"Piscataquis",6.87267827987671
"Bristol",6.87168550491333
"Currituck",6.8705644607544
"Hyde",6.86311769485474
"Adams",6.86080932617188
"Rockingham",6.85883235931396
"Ochiltree",6.84791374206543
"Dewey",6.8474383354187
"Furnas",6.83812284469604
"Finney",6.83802556991577
"Custer",6.83595132827759
"Yuba",6.83025646209717
"Lipscomb",6.82875919342041
"Davis",6.82779550552368
"Beaver",6.81860685348511
"Norton",6.81714248657227
"Dare",6.81451845169067
"Carteret",6.80763006210327
"Runnels",6.79975271224976
"Rock",6.7981071472168
"Haskell",6.7976016998291
"Graham",6.79198598861694
"Tyrrell",6.79070138931274
"Whitman",6.78642797470093
"Trego",6.78119850158691
"Snohomish",6.77660751342773
"Ness",6.76224946975708
"Seward",6.75830459594727
"Garfield",6.74687767028809
"Taylor",6.74660968780518
"Ellis",6.74079513549805
"Lincoln",6.73692512512207
"Solano",6.73216962814331
"Red Willow",6.73064661026001
"Alameda",6.7239499092102
"Yolo",6.72296953201294
"Frontier",6.72245216369629
"Brown",6.71157789230347
"Judith Basin",6.70171403884888
"Loup",6.69944095611572
"Crook",6.67469072341919
"Haskell",6.67190980911255
"Jones",6.67184591293335
"Lane",6.66817998886108
"Gove",6.66666841506958
"Kitsap",6.6555871963501
"Logan",6.65375232696533
"Hansford",6.6515474319458
"Washita",6.64607000350952
"Broomfield",6.64572954177856
"Multnomah",6.63916063308716
"Washington",6.63311815261841
"Grant",6.63204288482666
"Kern",6.62892293930054
"Lawrence",6.62761783599854
"Decatur",6.62187719345093
"Blaine",6.62101793289185
"Kearny",6.61740398406982
"Ada",6.59325313568115
"Coke",6.59077262878418
"Ventura",6.58173608779907
"Jackson",6.57993268966675
"Knox",6.57839584350586
"Riverside",6.57789087295532
"Sheridan",6.57266044616699
"Custer",6.57173681259155
"Scott",6.57100486755371
"Howard",6.56302547454834
"Roberts",6.55981254577637
"Thomas",6.55904769897461
"Hayes",6.5525598526001
"Strafford",6.54874992370605
"Cherry",6.54780530929565
"Kittitas",6.5468430519104
"King",6.53936004638672
"Hemphill",6.53380680084229
"Logan",6.52446222305298
"Stevens",6.52349424362183
"Benewah",6.5183835029602
"Martin",6.51517581939697
"Hitchcock",6.51333236694336
"Yellowstone",6.50317811965942
"Keith",6.50077056884766
"Nolan",6.48021745681763
"Madera",6.47752094268799
"Shoshone",6.47676181793213
"Rawlins",6.47616147994995
"Greer",6.47464323043823
"McPherson",6.46668481826782
"Franklin",6.46396923065186
"Brewster",6.44395685195923
"Hooker",6.44124889373779
"Foard",6.43492841720581
"Reeves",6.4288535118103
"Lewis and Clark",6.42569828033447
"Mason",6.42377853393555
"Maricopa",6.4219799041748
"Sheridan",6.41978454589844
"Dawes",6.41320085525513
"Colusa",6.41036605834961
"Fresno",6.40124940872192
"Linn",6.39917182922363
"Plymouth",6.39751243591309
"Fall River",6.37032079696655
"San Diego",6.36687517166138
"Payette",6.36618328094482
"Trinity",6.36507415771484
"Wichita",6.362952709198
"Texas",6.3613224029541
"Hutchinson",6.3600811958313
"Hamilton",6.35379791259766
"Beckham",6.34924936294556
"Androscoggin",6.3470401763916
"Wheatland",6.34282732009888
"Cumberland",6.34230041503906
"Grant",6.34183692932129
"York",6.33722066879272
"Thomas",6.33304786682129
"Perkins",6.32419490814209
"Penobscot",6.3206615447998
"Hardeman",6.32011842727661
"Roger Mills",6.31821632385254
"Jefferson",6.30706691741943
"Newport",6.29314661026001
"Cheyenne",6.29140663146973
"Butte",6.29119920730591
"Arthur",6.28887462615967
"Chase",6.28830051422119
"Stonewall",6.28708696365356
"Dundy",6.28208351135254
"Calaveras",6.2792763710022
"Wallace",6.27912902832031
"Deuel",6.2790699005127
"Latah",6.27124643325806
"Golden Valley",6.26396179199219
"Walla Walla",6.26388168334961
"Missoula",6.26081132888794
"Mineral",6.25948524475098
"Benton",6.24641942977905
"Garden",6.24332189559937
"Ector",6.22476768493652
"Stanton",6.22423791885376
"Weston",6.19972944259644
"Glenn",6.19943428039551
"Nez Perce",6.19744634628296
"Sedgwick",6.18813323974609
"Broadwater",6.18540048599243
"Ward",6.18281507492065
"Loving",6.17358636856079
"Sherman",6.16822195053101
"Sherman",6.16290807723999
"Potter",6.16131830215454
"Moore",6.15614986419678
"Prowers",6.1521635055542
"Clark",6.14455366134644
"Crane",6.14031171798706
"San Bernardino",6.13894891738892
"Adams",6.13642740249634
"Harmon",6.13537502288818
"Arapahoe",6.1292986869812
"Mariposa",6.12475109100342
"Jackson",6.11917543411255
"Carson",6.11899900436401
"Kennebec",6.1184344291687
"Morrill",6.11083650588989
"Amador",6.10718202590942
"Logan",6.09842157363892
"Morton",6.09818601608276
"Mitchell",6.09341382980347
"Grays Harbor",6.09071969985962
"Phillips",6.0887975692749
"Tulare",6.0873064994812
"King",6.08218240737915
"Yuma",6.07855463027954
"Greeley",6.07828426361084
"Fisher",6.0637526512146
"Yakima",6.05648183822632
"Box Butte",6.05157136917114
"Gray",6.05099582672119
"Wheeler",6.04375457763672
"Santa Clara",6.03702116012573
"Campbell",6.03320360183716
"San Mateo",6.03302717208862
"Scotts Bluff",6.02998304367065
"Childress",6.01611280441284
"Big Horn",6.00084829330444
"Cottle",5.98731136322021
"Storey",5.97952556610107
"Lubbock",5.97276926040649
"Jerome",5.97164630889893
"Randall",5.96828889846802
"Pierce",5.96626853942871
"Meagher",5.96427011489868
"La Paz",5.95430707931519
"Placer",5.95190906524658
"Clackamas",5.94434785842896
"Deschutes",5.94162464141846
"Weber",5.93597793579102
"Cheyenne",5.93293142318726
"Carson City",5.9249324798584
"Minidoka",5.92278957366943
"Kit Carson",5.92102241516113
"Clark",5.91604375839233
"Powell",5.91227340698242
"Yuma",5.90875148773193
"Pinal",5.90638113021851
"Garfield",5.89751720428467
"Lewis",5.89134550094604
"Washington",5.88284158706665
"Shasta",5.87955570220947
"Scurry",5.87655735015869
"Santa Cruz",5.87028980255127
"Morgan",5.84191989898682
"Collingsworth",5.8351092338562
"Sioux",5.82984733581543
"Kiowa",5.82934665679932
"Cheyenne",5.82904386520386
"Gem",5.82288932800293
"Hall",5.82224416732788
"Borden",5.82142543792725
"Lynn",5.80619812011719
"Clearwater",5.80441379547119
"El Paso",5.80339002609253
"Gooding",5.79736328125
"Tehama",5.78785848617554
"Jefferson",5.78132200241089
"Lyon",5.76748991012573
"Columbia",5.76657247543335
"Armstrong",5.75938367843628
"Waldo",5.75056791305542
"Thurston",5.74378824234009
"Briscoe",5.73329877853394
"Niobrara",5.72687101364136
"Dawson",5.7239670753479
"Asotin",5.71793699264526
"San Luis Obispo",5.71676015853882
"Jefferson",5.6990532875061
"Motley",5.69441986083984
"Donley",5.69235897064209
"Kent",5.6893458366394
"Floyd",5.68860578536987
"Douglas",5.67509508132935
"El Dorado",5.66851377487183
"Bent",5.66774559020996
"Winkler",5.65631771087646
"Nevada",5.6468768119812
"Sherman",5.64567518234253
"Sagadahoc",5.64494848251343
"Washington",5.6401777267456
"Santa Barbara",5.63262987136841
"Marion",5.63133955001831
"Graham",5.63131666183472
"Lincoln",5.62961530685425
"Barnstable",5.6247386932373
"Hale",5.62438583374023
"Napa",5.61082124710083
"Garza",5.61056041717529
"Presidio",5.60936450958252
"Swisher",5.60401153564453
"Island",5.59858751296997
"Utah",5.5921106338501
"Stillwater",5.59195470809937
"Crosby",5.59173917770386
"Sweet Grass",5.57545804977417
"Dickens",5.57525396347046
"Wasco",5.56922197341919
"Klickitat",5.56921100616455
"Castro",5.56634187698364
"Malheur",5.56553316116333
"Greenlee",5.56316804885864
"Box Elder",5.54436445236206
"Culberson",5.54166412353516
"Lamb",5.54142236709595
"Deaf Smith",5.54066133499146
"Hancock",5.53751468658447
"Pima",5.52919435501099
"Weld",5.52618026733398
"Eddy",5.51639699935913
"Oldham",5.51107788085938
"Hood River",5.50220394134521
"Lincoln",5.49191761016846
"Churchill",5.48954677581787
"Jefferson",5.48919010162354
"Tooele",5.4842381477356
"Gaines",5.47622537612915
"Washington",5.47504949569702
"Marin",5.47276449203491
"Silver Bow",5.46970462799072
"Douglas",5.46862316131592
"Lewis",5.46740198135376
"Terry",5.46304607391357
"Modoc",5.4394359588623
"Hockley",5.43295574188232
"Banner",5.43079996109009
"Monterey",5.42690229415894
"Skamania",5.42461681365967
"Douglas",5.42050552368164
"Hartley",5.41841793060303
"Twin Falls",5.41580963134766
"Tuolumne",5.41569519042969
"Klamath",5.41354274749756
"Power",5.412672996521
"Hidalgo",5.40720367431641
"Gilliam",5.40156888961792
"Washington",5.40019989013672
"Washoe",5.39941310882568
"San Benito",5.39373683929443
"Andrews",5.39013433456421
"Bailey",5.38787651062012
"Jefferson",5.36363792419434
"Butte",5.36216068267822
"Oneida",5.35538625717163
"Goshen",5.34906435012817
"Bingham",5.34792804718018
"Dukes",5.3471851348877
"Umatilla",5.347008228302
"Owyhee",5.34159994125366
"Parmer",5.3407416343689
"Sheridan",5.33927726745605
"Baca",5.33644104003906
"Lincoln",5.33384704589844
"Lake",5.32989978790283
"Dallam",5.30580806732178
"Humboldt",5.30439901351929
"Morgan",5.30386257171631
"Lassen",5.30267524719238
"Baker",5.30203866958618
"Sierra",5.30192804336548
"Pershing",5.29578161239624
"Millard",5.29389429092407
"Clallam",5.29326963424683
"Granite",5.28380060195923
"Johnson",5.27880096435547
"Mendocino",5.27706098556519
"Hudspeth",5.27430438995361
"Cowlitz",5.26070642471313
"Nantucket",5.2600245475769
"Big Horn",5.2561092376709
"Madison",5.25309944152832
"Morrow",5.25187921524048
"Knox",5.25155115127563
"Yoakum",5.24935293197632
"Otero",5.24540948867798
"Deer Lodge",5.24358224868774
"Kimball",5.24323511123657
"Luna",5.23577976226807
"Lincoln",5.22842073440552
"Converse",5.21691846847534
"Cassia",5.21677780151367
"Cache",5.21261501312256
"Bernalillo",5.20552730560303
"Washakie",5.19883155822754
"Elmore",5.1851601600647
"Doña Ana",5.183189868927
"Elbert",5.18247747421265
"Valencia",5.18081378936768
"Franklin",5.17869138717651
"Juab",5.17797470092773
"Gallatin",5.17713117599487
"Carbon",5.17184448242188
"Sonoma",5.15984010696411
"Bannock",5.15460014343262
"Lake",5.15432214736938
"Cimarron",5.15022277832031
"Beaver",5.14188194274902
"Idaho",5.14025163650513
"Curry",5.13832855224609
"San Juan",5.13509130477905
"Inyo",5.12062215805054
"Harney",5.12029027938843
"Mohave",5.11800718307495
"Cochran",5.11502695083618
"Clark",5.10030460357666
"Adams",5.08244800567627
"Lea",5.08133220672607
"Crowley",5.07857084274292
"Gila",5.07684421539307
"Yavapai",5.06578063964844
"Ravalli",5.05332136154175
"Nye",5.05256986618042
"Pueblo",5.03452444076538
"Platte",5.03271007537842
"Plumas",5.02302026748657
"Mineral",5.02258920669556
"Boulder",5.01433324813843
"Yamhill",5.01156997680664
"Columbia",5.00357246398926
"Madison",4.98581171035767
"Sierra",4.98140096664429
"Union",4.97608184814453
"Grant",4.97047805786133
"Otero",4.96750926971436
"Wallowa",4.96404790878296
"Crook",4.9499363899231
"Chaves",4.94827556610107
"Quay",4.93218803405762
"Fremont",4.92802619934082
"Blaine",4.92029333114624
"El Paso",4.88716793060303
"Wheeler",4.88590812683105
"Beaverhead",4.87586164474487
"Cochise",4.87465524673462
"Esmeralda",4.87010717391968
"Roosevelt",4.86668539047241
"Hot Springs",4.84694194793701
"Lander",4.84684610366821
"Elko",4.84656238555908
"Iron",4.8316650390625
"Socorro",4.83137559890747
"White Pine",4.82872152328491
"Bonneville",4.82471752166748
"Natrona",4.81509447097778
"Emery",4.8132176399231
"Grant",4.80242538452148
"Jeff Davis",4.80039310455322
"Park",4.78981828689575
"Eureka",4.77946519851685
"Boise",4.7614254951477
"Wahkiakum",4.70609140396118
"Polk",4.70371389389038
"Laramie",4.68444538116455
"Lincoln",4.66629695892334
"Washington",4.65184259414673
"Catron",4.62913513183594
"Caribou",4.6261773109436
"De Baca",4.61874198913574
"Uintah",4.60241413116455
"Benton",4.59210205078125
"Alamosa",4.59084796905518
"Pacific",4.57866907119751
"Lemhi",4.57028579711914
"Teton",4.56715154647827
"Las Animas",4.5653247833252
"Apache",4.55034065246582
"Los Alamos",4.54619836807251
"Wayne",4.54430532455444
"Bear Lake",4.54059982299805
"Carbon",4.53058862686157
"Rich",4.52823305130005
"San Juan",4.5250244140625
"Union",4.51007843017578
"Sandoval",4.50289821624756
"Coconino",4.49828672409058
"Santa Fe",4.49467277526855
"Sweetwater",4.48656749725342
"Mono",4.48093128204346
"Harding",4.47852897644043
"Clatsop",4.47102403640747
"Navajo",4.47097969055176
"Sanpete",4.4509449005127
"Grand",4.44679880142212
"Park",4.43723726272583
"Camas",4.42867994308472
"Fremont",4.40994644165039
"Santa Cruz",4.40196657180786
"Valley",4.39706039428711
"Guadalupe",4.38060188293457
"Tillamook",4.37733459472656
"Lincoln",4.37428665161133
"Kane",4.37302350997925
"Cibola",4.36462116241455
"Larimer",4.35725927352905
"Coos",4.35374927520752
"Piute",4.34862232208252
"Fremont",4.33857727050781
"Custer",4.3367395401001
"Uinta",4.32012844085693
"Duchesne",4.31922769546509
"Mesa",4.30527925491333
"Wasatch",4.23761653900146
"San Miguel",4.22858953475952
"Sevier",4.22842454910278
"Garfield",4.22128915786743
"Albany",4.19910097122192
"Torrance",4.18630838394165
"Alpine",4.18012952804565
"Delta",4.1744122505188
"McKinley",4.16039705276489
"Carbon",4.16007137298584
"Huerfano",4.15673780441284
"Sublette",4.14253616333008
"Mora",4.10338640213013
"San Juan",4.10017395019531
"Rio Blanco",4.09901285171509
"Colfax",4.08758020401001
"Moffat",4.05737638473511
"Rio Arriba",4.04947090148926
"Taos",4.04673433303833
"Gilpin",4.04054832458496
"Lincoln",4.03784227371216
"Daggett",4.03755807876587
"Teller",4.03526639938354
"Garfield",3.98583817481995
"Rio Grande",3.98497557640076
"Conejos",3.98007726669312
"Summit",3.95768165588379
"Montezuma",3.93301343917847
"Montrose",3.92610645294189
"Teton",3.91691112518311
"Costilla",3.91342425346375
"Saguache",3.865394115448
"Custer",3.82170057296753
"Archuleta",3.81794357299805
"La Plata",3.80294108390808
"Clear Creek",3.76305103302002
"San Miguel",3.6964647769928
"Routt",3.69559049606323
"Park",3.6122407913208
"Dolores",3.59369111061096
"Chaffee",3.57603430747986
"San Juan",3.52969074249268
"Eagle",3.52241373062134
"Ouray",3.47516775131226
"Jackson",3.4736475944519
"Pitkin",3.43723964691162
"Grand",3.39177584648132
"Mineral",3.3012011051178
"Gunnison",3.25350618362427
"Summit",3.2321400642395
"Hinsdale",3.21248197555542
"Lake",3.12277507781982
