"NAME","facility_density"
"Manassas",23.4430079334394
"New York",20.6928521311107
"Hudson",16.2068949181419
"Bronx",11.3750443229868
"Hopewell",10.7043770706255
"Kings",9.73520780178328
"Franklin",9.24315345328509
"Richmond",8.02705780179436
"Salem",7.93118713292147
"District of Columbia",7.91274403747947
"Union",7.78672647669105
"Middlesex",7.54379156888012
"Suffolk",6.1469752824627
"Emporia",5.55884031056062
"Queens",5.01817292696084
"San Francisco",4.89875147424047
"Hampden",4.56545694312008
"Providence",4.55140443331446
"Baltimore",4.46818937872057
"Harrisonburg",4.4399337231961
"Worcester",4.2299756498999
"Essex",4.2136819021864
"Mercer",4.04908986999423
"Chisago",4.01511798825535
"Bristol",3.7310151069416
"Plymouth",3.408520740958
"Kent",3.29866920881973
"Camden",3.22611107495943
"Newport",3.17139628306906
"Bristol",2.97825725471391
"Philadelphia",2.97554065366366
"St. Louis",2.91725392462405
"Somerset",2.91259227044264
"Norfolk",2.72065929799904
"Greater Bridgeport",2.66011917875692
"Southeastern Connecticut",2.65155233478286
"Danville",2.64538458065436
"Middlesex",2.55232395822463
"Alexandria",2.50613716957258
"Denver",2.49558986584855
"Wayne",2.4922388973315
"Schenectady",2.39665237358487
"Cleveland",2.39066013626441
"Pipestone",2.32035955749775
"Sherburne",2.31124203236193
"Howard",2.28586653193349
"Nash",2.27635360311628
"Orange",2.27311160023557
"Hampshire",2.26587890353637
"Los Angeles",2.23610947864096
"Sacramento",2.21326900822455
"Marion",2.20357600287908
"Essex",2.10818180748035
"Prince George's",2.08994101509942
"Orange",2.0721319630009
"Gloucester",2.06371167515519
"Washington",1.97567027972819
"Dakota",1.97381069464522
"Carver",1.951309876495
"Scotland",1.92704273809189
"Rice",1.87053208011704
"Vance",1.86819649626729
"Nassau",1.84102909747435
"Burlington",1.83595159482993
"Robeson",1.82962141748283
"Westchester",1.78134369756369
"Lincoln",1.75989632758975
"Monmouth",1.74889899045373
"Suffolk",1.7458718266579
"Rockland",1.7413956584633
"Hertford",1.72226317763965
"Duplin",1.69449554448977
"Santa Clara",1.66282288843761
"Franklin",1.65222967755873
"Dukes",1.63097032586575
"Monroe",1.62166375816399
"Waseca",1.60524282330069
"Gaston",1.59286306595803
"Albany",1.59278940208255
"Dodge",1.58053311568139
"Barnstable",1.5803612983428
"Washington",1.54992571824941
"Cumberland",1.54077828808372
"South Central Connecticut",1.53385930095487
"Warren",1.49075927443543
"Goodhue",1.48586342777384
"Catawba",1.48497878660187
"Contra Costa",1.47266263503284
"Johnston",1.45581570652572
"Harford",1.45448428989589
"McLeod",1.45117176287034
"Wilson",1.44872479728708
"Harris",1.43885895683033
"Solano",1.4315941114286
"Hunterdon",1.41240949115806
"Galveston",1.40759342725567
"Wright",1.40534076561766
"Benton",1.40218724285506
"Alameda",1.38938830520129
"Perquimans",1.37984829319429
"Chittenden",1.36865131350591
"Bristol",1.36477131864801
"Passaic",1.36175676652708
"Martin",1.35264407195275
"Lee",1.34067197678761
"Steele",1.33994740066496
"Saratoga",1.32698201249039
"Le Sueur",1.30360575514217
"New Castle",1.24313885904568
"Androscoggin",1.24287518707617
"Capitol",1.21811696483116
"Delaware",1.21371146779024
"Morris",1.20273701151818
"Northampton",1.19197069311429
"Cook",1.16936918536755
"Fulton",1.15940010559383
"Montgomery",1.15471858967933
"Lenoir",1.15437732047812
"Berkshire",1.14240306777217
"Ramsey",1.13553402785213
"Blue Earth",1.10949036206724
"Kings",1.10948637111201
"Rowan",1.10528619001771
"Naugatuck Valley",1.09914504377337
"Bergen",1.09679267277854
"Chowan",1.0915824938387
"Niagara",1.08852987443456
"Portsmouth",1.08458530494294
"Adair",1.08330370907418
"Baltimore",1.05752327256252
"Stearns",1.05560224419086
"Scott",1.04809866371911
"Kern",1.03088621457732
"Oswego",1.02355199138555
"Atlantic",1.01381666243025
"Genesee",1.0132360748066
"Story",1.00959763972377
"Washington",0.991228879520912
"Wyandotte",0.989350901856243
"Richmond",0.965425869639206
"Winona",0.962723043954509
"Onondaga",0.958538412440463
"Stephenson",0.957302958213778
"Milwaukee",0.956294323325041
"Clarke",0.956060053240941
"Wayne",0.955038690626342
"Adams",0.945957645944276
"Olmsted",0.943600019765968
"Richmond",0.939939855837711
"Marion",0.939927254213689
"Fulton",0.939188988847388
"Madison",0.937867141145906
"Franklin",0.936790673804331
"Dutchess",0.935662795399273
"Rensselaer",0.928573576633794
"Chippewa",0.91941727454575
"Lake",0.918711502931095
"Pope",0.915371462731739
"Yadkin",0.914625114260321
"Will",0.909291982068528
"Tarrant",0.897183617614991
"Winnebago",0.892473878770814
"Cumberland",0.879453088243793
"Storey",0.87558089702558
"Montgomery",0.871724125410208
"Ocean",0.8703266029187
"Davie",0.868967065211252
"Warren",0.868718182503941
"Pleasants",0.860871178190447
"Person",0.859593809928545
"Montgomery",0.846839033366603
"Halifax",0.846007170629175
"Erie",0.842447874614936
"Wyoming",0.841883185244364
"Cuyahoga",0.841530004702188
"Montgomery",0.837794635008621
"White",0.834859982360824
"Jefferson",0.834522729702672
"Randolph",0.830940023903159
"Huron",0.83092691330161
"Northeastern Connecticut",0.822829343328844
"Renville",0.821409393995358
"Walton",0.819046411631262
"Northampton",0.818862098917506
"Rutherford",0.816839035309206
"Ontario",0.815901206819134
"Kane",0.810245042035409
"Columbus",0.808622454784851
"San Diego",0.80711250625294
"Alamance",0.800308196624156
"Tompkins",0.785529689446524
"Lower Connecticut River Valley",0.780404580665143
"Lucas",0.778558952239024
"Lewis",0.777296031404138
"Harnett",0.770445898436403
"Chesapeake",0.770362754970771
"Western Connecticut",0.762466170409884
"St. Joseph",0.753444618943981
"Lee",0.751199364911846
"Darlington",0.750084060685146
"Nicollet",0.744316304944538
"Cabarrus",0.742650459292134
"Brazoria",0.741762749448532
"Sullivan",0.736006474432007
"Wayne",0.73336012830869
"Kennebec",0.730533643898642
"Duval",0.728934734292637
"Clinton",0.725648417173257
"Greene",0.722468876526773
"Anson",0.718998932865284
"Outagamie",0.718816545753974
"Spartanburg",0.706563344797254
"Kenton",0.705203730294265
"Guilford",0.704479199645297
"San Joaquin",0.703715568724829
"Muscogee",0.698697420471361
"Beaver",0.695650537293847
"Lyon",0.695607822534676
"Dougherty",0.691974655609762
"Jeff Davis",0.690408078118156
"Jackson",0.689001714613891
"Anne Arundel",0.687284364995283
"Queen Anne's",0.685306433528775
"Nantucket",0.684470608061314
"Lowndes",0.680715575350003
"Cherokee",0.680278023013692
"Kankakee",0.680102254486877
"Hillsborough",0.678001342609044
"Bexar",0.676231963424463
"Burke",0.675775908394342
"Rockingham",0.674137778968092
"Winnebago",0.672964587205902
"Worth",0.672500067318881
"Currituck",0.670257335021325
"Ottawa",0.669189553415486
"Tioga",0.664524985315458
"Somerset",0.664309398196821
"Hampton",0.659416377745208
"Chemung",0.657924321163024
"Butler",0.657187279866115
"St. Lawrence",0.657034506765242
"Chatham",0.653703185152879
"Bladen",0.652403976897012
"Jones",0.652040482701436
"Durham",0.648308647302523
"Pitt",0.647898689431679
"Granville",0.646502112468554
"Kent",0.64646795236196
"Norfolk",0.645830947128517
"Paulding",0.645300438486525
"Yamhill",0.645033829367676
"Oneida",0.644629639981649
"Kent",0.64458142658066
"Heard",0.640943998776189
"Jerome",0.64083073015247
"Linn",0.639327770442185
"Camden",0.63435576820024
"Lincoln",0.633106831730784
"Wabasha",0.632367059742833
"Ulster",0.632065571832297
"McHenry",0.631620925040033
"Wayne",0.630795578514869
"Henrico",0.630662269541987
"Boulder",0.62563609088908
"Salt Lake",0.622996666798779
"Addison",0.621644335474908
"Richmond",0.617482341447157
"Cecil",0.615176786115881
"Sampson",0.611018671875579
"St. James",0.610755110646897
"Fort Bend",0.610650973635989
"Taylor",0.61015016603753
"Edgecombe",0.609359124337447
"DeKalb",0.608332822502172
"Bibb",0.605918510317463
"Strafford",0.605697540140115
"Imperial",0.603118925387222
"Travis",0.602684707261638
"Moore",0.601800574782136
"Clackamas",0.594728127368308
"Seneca",0.593296806120869
"Pinellas",0.592448720741848
"San Mateo",0.590492454236302
"Lancaster",0.588708753592506
"Nobles",0.587812435931884
"Greene",0.586720518089462
"St. Charles",0.583584444502054
"Lee",0.582943962950945
"Craven",0.581443385962197
"Osceola",0.579997250230473
"Sussex",0.577086797828991
"Cameron",0.575482965249508
"Hennepin",0.572693408201952
"Stanly",0.572314002828579
"Rutland",0.571596863518498
"Shiawassee",0.57100204985439
"DeKalb",0.569704461129333
"Redwood",0.569290018816568
"St. Lucie",0.56812547793917
"Anderson",0.561992609770367
"Dane",0.561568733885138
"Hamilton",0.561402318593121
"Lexington",0.560580079117968
"Fresno",0.55879983915852
"Bucks",0.558787108522448
"Polk",0.556938919331891
"Orleans",0.554636123788177
"Scurry",0.553094876989838
"Jasper",0.550114956582452
"Franklin",0.549466264605237
"Nolan",0.549424226818758
"Accomack",0.54935290339853
"Jefferson",0.547447363838943
"Williams",0.547433670766822
"Surry",0.545176426545167
"Wake",0.540591822895156
"Placer",0.539773861362964
"Black Hawk",0.539427687254938
"Riverside",0.539271077200242
"Cortland",0.538906819074032
"Lancaster",0.538887841208562
"Grundy",0.53815962883632
"Tippecanoe",0.537144152590425
"Jackson",0.536805205671325
"Genesee",0.534929732216106
"Nueces",0.531910904022862
"Louisa",0.530234662101163
"Chesterfield",0.530152982169329
"New Hanover",0.528250138785642
"Garrett",0.528245904810351
"Monongalia",0.5273642630653
"Arapahoe",0.527267187026532
"Madison",0.525438918111585
"Polk",0.521849237539195
"Williamson",0.521359509124801
"Greensville",0.52038862757717
"Hidalgo",0.511894690154301
"Rabun",0.511652824027826
"Sutter",0.507644268103051
"Surry",0.503822770821707
"Henry",0.502258998615749
"Twin Falls",0.500608983061238
"Pasquotank",0.500541572673689
"Washington",0.499699789953135
"Wood",0.497741406565164
"Lamoille",0.496979767355411
"Polk",0.494792408113106
"Mecklenburg",0.494774267024243
"James City",0.494697796713794
"Beaufort",0.493348003444755
"Kandiyohi",0.492537094439935
"Calhoun",0.491979101686336
"Orleans",0.49144385538515
"Yolo",0.49130716489949
"Sonoma",0.48606163779063
"Merrimack",0.485210343234986
"Amherst",0.483689283768314
"Butte",0.483456423970636
"Murray",0.48288616166251
"Alamosa",0.480531344268378
"Hampton",0.480501832363837
"Effingham",0.479622843212062
"Dickinson",0.477883862464092
"Westmoreland",0.475247474662538
"Benton",0.475006565636747
"Barrow",0.473949894961548
"Gooding",0.473355497257615
"Ector",0.471039746307341
"Caledonia",0.469707264697697
"Sandusky",0.468898195796187
"Loudon",0.468277080757145
"Forsyth",0.468179188158137
"Washington",0.468133073349496
"Dallas",0.46739102465102
"Allegheny",0.466873876618891
"Spotsylvania",0.465615208932215
"Berrien",0.465592179319575
"St. Clair",0.465333959869444
"Bernalillo",0.463037343813547
"Henry",0.459976378934243
"DuPage",0.459118954389779
"Stanislaus",0.459043441289859
"Montgomery",0.458293114720339
"Washington",0.456440049635116
"Medina",0.456313300052213
"Douglas",0.454705392573588
"Boone",0.451507089288408
"Mitchell",0.450731644351995
"Caswell",0.450620272680241
"Cobb",0.448474814219894
"Franklin",0.448223772831524
"Cumberland",0.447163954851478
"Cambria",0.445567254737803
"Adams",0.44421867692225
"Whiteside",0.443546072874869
"Salem",0.442858069828835
"Alexander",0.439370188415834
"Alachua",0.438365221445499
"LaSalle",0.437157089575277
"Victoria",0.434388648892399
"Onslow",0.433663365744137
"Florence",0.432041617106295
"Northwest Hills",0.42999734560688
"Indian River",0.42939768293357
"Somerset",0.428340838369075
"Isanti",0.427406106779183
"Randolph",0.425778948062166
"Calcasieu",0.423493199974872
"Orange",0.423222420389001
"DeSoto",0.423070147705301
"Union",0.422660435425468
"Atchison",0.421115414719761
"Cumberland",0.420923016966402
"Meeker",0.419275007132926
"Halifax",0.418791802745605
"Sherman",0.418090267732565
"Cottonwood",0.416792165598813
"Columbia",0.416722817038234
"Escambia",0.414046841230725
"Cherokee",0.413622313619199
"Henderson",0.411950764187583
"Clay",0.411142521194023
"Mitchell",0.411045264926553
"East Baton Rouge",0.410418971229791
"Cass",0.410077738862721
"Miami",0.409337788490811
"Davidson",0.408072778046351
"Cape May",0.407605612832666
"Armstrong",0.407047619673344
"Douglas",0.4067903756857
"Houston",0.406477991895659
"Gratiot",0.40527539889033
"King William",0.405121658312992
"Marshall",0.404174557519999
"Jay",0.402104469186967
"Wicomico",0.401718666531307
"Rock",0.399874657115492
"Charles",0.398575016791715
"Carbon",0.398543516401454
"Fluvanna",0.397944664678237
"Richmond",0.395626877222264
"Poweshiek",0.395258361185863
"Madera",0.394581328112694
"Schuylkill",0.394580284668538
"Chatham",0.391368324868578
"Henry",0.391179383995366
"Jackson",0.390144905430317
"Hillsborough",0.38943726107818
"Manitowoc",0.389125730863871
"Sagadahoc",0.388638194954051
"Jefferson",0.388414943588283
"Manatee",0.388247291584038
"Iredell",0.387801233711708
"Champaign",0.386688392979421
"Charles City",0.385554976960042
"Orange",0.385149149561303
"Auglaize",0.384273512482222
"Juneau",0.383639339081917
"San Patricio",0.382968730101046
"Ascension",0.382710883349578
"Wood",0.381618960400271
"York",0.381589257319099
"Shasta",0.381336716310802
"De Witt",0.381291462069302
"Mower",0.379780455546983
"Gilliam",0.378997146978358
"West Baton Rouge",0.378827662125052
"Guadalupe",0.378153737528757
"Talbot",0.376780898433805
"Orangeburg",0.376504610306963
"Columbia",0.376454813125167
"Calhoun",0.376216384863316
"Carson",0.376122838715643
"Ventura",0.374485350552286
"Union",0.374479174271447
"Early",0.373918121140913
"Allegany",0.373284568521749
"Sheboygan",0.372994695156605
"Rock",0.372219759257061
"Decatur",0.371791539161899
"Martin",0.370445930024511
"Porter",0.367808094265531
"Willacy",0.367772741993345
"Clay",0.366753298658977
"Lancaster",0.364933951893312
"Trumbull",0.364145800898863
"Murray",0.363302834043101
"Calhoun",0.362900750762714
"Livingston",0.361844080489642
"Hancock",0.361779595815318
"Brown",0.360908315481455
"Johnson",0.359883111983406
"Sullivan",0.359471601339944
"Isle of Wight",0.359144132560212
"Caddo",0.359136371519541
"Tulare",0.359091283206365
"Nevada",0.356904811140793
"Berks",0.356718018666205
"Windsor",0.355999675085121
"Clay",0.355523137600962
"Warren",0.354293913248705
"Kent",0.354253919891351
"Ogle",0.354049125734107
"Upson",0.353606061984442
"Los Alamos",0.35357656399148
"Bleckley",0.352529211616784
"Bremer",0.351456267688698
"Merced",0.351214457773629
"Buncombe",0.351014200712516
"Pender",0.350133088337095
"Clay",0.349922926517718
"Snyder",0.349335914228672
"Wayne",0.348362136651672
"Frederick",0.347014484283702
"Barnwell",0.346445512565581
"Santa Cruz",0.345818138636624
"Bay",0.344442058822618
"Muscatine",0.343848274471071
"Terrell",0.343301467181513
"Adams",0.342154090427704
"Luzerne",0.340923677610555
"Greenville",0.339696376411628
"St. Francois",0.339665105034671
"Morrow",0.339519564671502
"Stokes",0.338618879577696
"Schuyler",0.338371153727841
"Prince William",0.33826375520448
"Morgan",0.337236280282495
"Taylor",0.33604488856809
"Anderson",0.335936119535326
"Cerro Gordo",0.33564481459601
"Gates",0.335112111079271
"Lake",0.334964764045849
"Logan",0.334834387621707
"Wilson",0.334363431222268
"Neosho",0.334148695249599
"Murray",0.334143646851382
"Chippewa",0.333664743795186
"Delaware",0.333462005797178
"Greenwood",0.332951624555895
"Montgomery",0.332674437604044
"Tuscola",0.332083139221652
"Jefferson",0.331254721945006
"Madison",0.330269025616785
"Garrard",0.330094462418505
"Elkhart",0.330093936915948
"Tulsa",0.328982175663981
"Hardin",0.328274433635889
"Lake",0.328227917796562
"Ada",0.327617130333328
"Kay",0.326841586193484
"Weld",0.326779596287735
"Bertie",0.326722693464366
"Gilchrist",0.32613876909578
"Vanderburgh",0.326060336508124
"Valencia",0.32548907941261
"Caldwell",0.325429501728662
"Alpena",0.325378148734314
"El Dorado",0.324204701137639
"Burke",0.323627961255119
"Darke",0.321883736068355
"Sibley",0.321435537120072
"Putnam",0.321233763341657
"Faribault",0.320881419677458
"Orleans",0.320727544570018
"Washtenaw",0.320677285913329
"Freeborn",0.320674419216115
"Chautauqua",0.320346377768237
"Lee",0.320045705943173
"Lebanon",0.319506948465243
"Twiggs",0.319414902184806
"Rockingham",0.318805858511052
"Amador",0.318577370229714
"Herkimer",0.318005896004849
"Ford",0.317611392129339
"Kossuth",0.316994379879948
"Cayuga",0.315024290513787
"Pratt",0.314863208478407
"Monterey",0.31465539019015
"Jefferson",0.313368989393106
"Dubuque",0.313178050597114
"Madison",0.313038642882829
"Lorain",0.312543279769337
"Sarpy",0.311931204638387
"Gloucester",0.311070991911531
"Johnson",0.30983225383577
"Bureau",0.309372077589559
"Washington",0.309033630775697
"Richland",0.308812190577553
"Yates",0.30825760705814
"El Paso",0.308245165722245
"Leelanau",0.30799632046322
"Grundy",0.307687773489284
"Clinton",0.306949663022166
"Peoria",0.306316150620556
"Meriwether",0.305742329418952
"Chambers",0.305345332589514
"Orange",0.305219041520159
"Mercer",0.304880723581369
"Campbell",0.304761079755882
"El Paso",0.304292332057011
"Clark",0.302672708204846
"Hardee",0.30247819353635
"Steuben",0.30247818520658
"Estill",0.302020627020893
"Pickens",0.301233724906913
"Hart",0.30056617974856
"Richland",0.300098702546905
"Vermilion",0.299881224111056
"Perry",0.299805188080084
"Howard",0.298922186828699
"Brevard",0.298171643683266
"Hamilton",0.297621677344421
"Montgomery",0.297534476974594
"Branch",0.297210762848275
"Jackson",0.297180766510062
"Vermillion",0.297116480787107
"St. Joseph",0.296463308836178
"Hoke",0.295779131425854
"Iberville",0.295687099927446
"Coffey",0.295178285104258
"Powhatan",0.29440353399649
"Davidson",0.294076853970395
"Blair",0.293423373650431
"McLean",0.292930519598552
"Ottawa",0.29245768937959
"Napa",0.292406768416619
"Montour",0.291967357706534
"Cattaraugus",0.291925771143434
"Cole",0.29033119745452
"Franklin",0.290018446552829
"Haywood",0.289202051380396
"Dakota",0.288818987307676
"Taylor",0.288801190614962
"Tuolumne",0.288589734440447
"Spencer",0.288513662966326
"McCracken",0.288291641186682
"Grafton",0.286894821317062
"Lafayette",0.286843925275502
"Oconee",0.286601867053238
"Marion",0.286582869828712
"Wyoming",0.285905877922583
"Bennington",0.285172513074994
"Macon",0.285072220106704
"Greene",0.284760978700551
"Franklin",0.284093921605228
"Denton",0.284003448397223
"Washington",0.283812308795892
"Klickitat",0.283809885338496
"Hendricks",0.283389855409039
"Knox",0.283322391745875
"Miami",0.282720381390325
"Mayes",0.282422810401811
"Vigo",0.28224617869213
"Van Wert",0.282191745958256
"Shelby",0.282061233539942
"Platte",0.282008040092893
"Carroll",0.281199883932883
"Allendale",0.280829592452343
"Grant",0.280745248022445
"St. Mary",0.280193217319152
"Boone",0.27935159820525
"Grant",0.279154427237622
"Orange",0.279032896273874
"Suffolk",0.278139147277782
"Kenosha",0.277683126327769
"Wayne",0.277432866659476
"Ward",0.277077118895112
"Middlesex",0.276704004918823
"Sussex",0.276235541227776
"Pittsylvania",0.276230614688361
"Grayson",0.276072561555631
"Choctaw",0.275891447653538
"Summit",0.275698018743849
"Ingham",0.275447445979703
"San Bernardino",0.274608582649293
"McNairy",0.274073343243517
"Prince George",0.273896942946949
"Boone",0.273730956838351
"Clark",0.272994158746242
"Iosco",0.272763832763322
"Adams",0.272183077331966
"Carroll",0.270822876813606
"Marion",0.27071702958481
"Madison",0.270391370539699
"Greene",0.270368339111861
"Clay",0.269690522223076
"Fillmore",0.268749708950174
"Webster",0.268698842300479
"Webster",0.268568732429619
"Hamilton",0.268284424061686
"Douglas",0.268043655019788
"Montcalm",0.267829475894538
"Pocahontas",0.26694862630435
"Kalamazoo",0.266153858271596
"Bradford",0.266031104126377
"Goochland",0.2656279399346
"Franklin",0.265114684964855
"Hood",0.265097783142709
"Carlton",0.264752902821355
"Grundy",0.264424313444813
"Sangamon",0.264149027044267
"Macon",0.263658557205602
"Bay",0.262466835815381
"Richland",0.262092822041318
"Polk",0.261811518352354
"Miami",0.26170605252955
"McDonough",0.261691060932274
"Collin",0.261490130734469
"Audubon",0.26127211489883
"Troup",0.259719231760182
"Dorchester",0.258035157447912
"Lubbock",0.257181549722325
"Rock Island",0.25672877752199
"Graham",0.256134650452047
"Carroll",0.255800849353679
"Borden",0.255677358088166
"Autauga",0.255537804223606
"Peach",0.255226232277074
"Sullivan",0.25501568921464
"Moore",0.254698640155588
"Somerset",0.254611548185027
"Chester",0.254181721208041
"Beaver",0.253891713008647
"Pasco",0.25181652881147
"Virginia Beach",0.251784575369613
"Starr",0.251484077210404
"Saluda",0.250963098548282
"Gosper",0.250355435414074
"Franklin",0.250075949098561
"Logan",0.249513523785383
"Otoe",0.249503784970891
"Jefferson",0.249410815229032
"Lackawanna",0.249034588048964
"Multnomah",0.248925880476269
"Rusk",0.248896746409428
"Glynn",0.248788532644202
"Dickinson",0.248643930496033
"Lamar",0.248270552027201
"Hot Spring",0.248219088214362
"Marshall",0.247416464137832
"Trimble",0.247161870872383
"Page",0.246514507848864
"Ford",0.245923681929752
"Carson City",0.245764547161027
"Crane",0.245488250435695
"Grady",0.244609283799244
"Howard",0.244582632532399
"Ouachita",0.24451125354374
"Marinette",0.243197110907734
"Union",0.243068951042772
"Maricopa",0.242747150741134
"Campbell",0.241758627092275
"Windham",0.241668465179633
"Grant",0.241184992497057
"Jasper",0.240792410262829
"Dixon",0.239936256223607
"Yuba",0.239818284018068
"Macomb",0.239272669142485
"Putnam",0.23922125111166
"Williamson",0.238790482520452
"Morgan",0.238760335508449
"Marlboro",0.238684313528646
"Saginaw",0.236574617284875
"Elmore",0.235052406346031
"Hill",0.235027223574892
"Brown",0.234993667468887
"Mineral",0.2346289421057
"Pulaski",0.234403277292119
"Marion",0.234388809535651
"Weber",0.234019477521243
"Putnam",0.233460717146014
"Floyd",0.233414395372053
"Florence",0.232859570360858
"Lamar",0.23167993609068
"Floyd",0.23104666932062
"Shelby",0.230577037456991
"Nassau",0.230539257717839
"Jasper",0.230181262297082
"Webster",0.230022134382524
"Rhea",0.229488255682897
"Clark",0.229461917619194
"Allegan",0.229208429289806
"Martin",0.227710300151648
"Mecklenburg",0.227342647648832
"Hendry",0.227250515880759
"Mason",0.2270392208245
"Marshall",0.22700391436975
"Martin",0.22690133223622
"Pike",0.226382634940401
"Livingston",0.225774587916062
"Pueblo",0.225329689360746
"Antelope",0.224852233750522
"Northampton",0.224522232474736
"Bulloch",0.224275863284688
"Seminole",0.223618071849935
"Dunn",0.223452613300918
"Suwannee",0.223101280249119
"Macon",0.222972572524191
"Carter",0.222162838021868
"Clarendon",0.222007140397121
"York",0.221899680093774
"Putnam",0.220346369550022
"Otsego",0.220259634946681
"Berkeley",0.218989888467017
"Beaufort",0.218604124448808
"Garfield",0.218532703886552
"Greenup",0.217901766069516
"Fairfield",0.217575214132478
"Hood River",0.217083861409606
"Penobscot",0.217025577126282
"Barron",0.216972063941803
"Clarke",0.216737948129126
"Lauderdale",0.216006486691845
"Broome",0.215948114425843
"Hutchinson",0.215652572406747
"Amelia",0.215351646460652
"Montgomery",0.215110261459025
"Oklahoma",0.214968723272771
"Cooke",0.214811304959919
"Clay",0.214311699343826
"Glasscock",0.214244700420268
"Tama",0.213880964799756
"Whatcom",0.213789624219374
"Lawrence",0.213422545022496
"Dodge",0.21331100445173
"Marin",0.213273424363282
"Montgomery",0.213024013941984
"Lincoln",0.212903142727273
"Dodge",0.212807383840917
"Bell",0.212484792606114
"DeKalb",0.212219608742924
"Greene",0.212204008451477
"Haskell",0.212048477254348
"Wharton",0.211701200707571
"Elmore",0.211680792618523
"Dunklin",0.21166204660777
"Pamlico",0.211625522619732
"Coos",0.210938649225859
"Iron",0.210504874476529
"Hansford",0.209799621278113
"Sullivan",0.209729101883994
"Sterling",0.209093566040479
"Shawnee",0.208414824512917
"Manistee",0.207689989646134
"Lamar",0.207688881253525
"Polk",0.207574410494091
"Dauphin",0.207532953422299
"Madison",0.20734484533367
"King George",0.207303903561415
"Warren",0.207217011364991
"Monroe",0.207057557085341
"Elbert",0.206340825094605
"Mills",0.205989866852223
"Andrews",0.20574790188612
"Butts",0.205392425920864
"Clark",0.205140847205965
"Palo Alto",0.203382049580964
"Thurston",0.203305608071458
"Bonneville",0.20317525513114
"Yellow Medicine",0.202316100372171
"Waldo",0.202314603772474
"Jackson",0.202233795231285
"Boone",0.201925295998118
"Polk",0.201873895023545
"Missaukee",0.201753130017449
"Fond du Lac",0.201657887568773
"Calhoun",0.201644300974653
"Cuming",0.201572490548013
"Somervell",0.201421391457874
"Lake",0.20135757567771
"Stevens",0.201331749684235
"Franklin",0.201078730159617
"Saline",0.201004875054488
"Cherokee",0.200684228200438
"Hamilton",0.200581470415729
"Isabella",0.200494505280257
"Scott",0.200355008618465
"Sac",0.200290684118172
"Greene",0.19991379293439
"Eaton",0.199905594579967
"Grand Isle",0.199675377398515
"Falls",0.199580572512258
"Franklin",0.199363986473169
"Cedar",0.199056476251832
"Bedford",0.198965634365135
"Morton",0.198500528927019
"Buckingham",0.19846608842085
"Worcester",0.198184820022604
"Shelby",0.197728140899859
"Chester",0.197576203123054
"Warrick",0.19744117629056
"Wilbarger",0.197401244744664
"Iowa",0.197167821220765
"Oldham",0.196533346263796
"Pointe Coupee",0.196206470805416
"Brazos",0.195927279130148
"Delta",0.195651009176167
"Guthrie",0.195311299103186
"Oxford",0.195151002915359
"Clear Creek",0.194980996692182
"Hancock",0.194168924511659
"Columbia",0.194057245492964
"Monroe",0.193889563250228
"King",0.193784641897786
"Marshall",0.193736180361179
"Lanier",0.19339214014966
"Fayette",0.193357032592081
"Morgan",0.193353655409739
"Southampton",0.192263658241871
"Fairfax",0.192077564225805
"Douglas",0.191948825759871
"Emmet",0.1919023187411
"Brookings",0.1918717060434
"Hamilton",0.191863003954703
"Crawford",0.191751756557754
"Dewey",0.191459240231543
"Pulaski",0.1912701618072
"Miami-Dade",0.191266895374957
"Hillsdale",0.190845406762013
"Dillon",0.189955988800763
"Fulton",0.189555352646094
"Wyandot",0.189460687344783
"Calhoun",0.189207823115182
"Vernon",0.189162398997718
"Broward",0.189083533068641
"Nemaha",0.188551125903953
"York",0.188520325532769
"Lee",0.188063009332937
"St. Bernard",0.187777289760508
"Portage",0.187709783302255
"Power",0.187396862021837
"Brown",0.187342778550445
"Warren",0.187213443703945
"Henry",0.187055757224604
"Franklin",0.186774073957852
"Upton",0.186693280350718
"Defiance",0.186459206908577
"Calaveras",0.18617114738903
"Cass",0.186075590457154
"Frederick",0.185946428428057
"Buchanan",0.185937873016717
"Woodward",0.18580650781779
"Harper",0.185569139204512
"Indiana",0.185088236753411
"Louisa",0.184921776162379
"Bracken",0.184811514015855
"Posey",0.184013572207656
"Lawrence",0.183834973928887
"Wichita",0.183083142482011
"Volusia",0.182972889723407
"Davis",0.182345442747371
"Deuel",0.182025704205699
"Union",0.181374297704549
"DeKalb",0.181340928548068
"West Feliciana",0.181225422154358
"Rockingham",0.180842007474374
"Knox",0.180556661755146
"Lyon",0.180531993247888
"Allegany",0.180500732025385
"Utah",0.180034314558811
"Clay",0.180018735126421
"Thomas",0.179617639613863
"Ida",0.178698140521124
"Warren",0.177937199714558
"Fauquier",0.177733211060211
"Gray",0.177669467188627
"Wapello",0.177104849907566
"Henry",0.176884867057544
"Columbia",0.176809293498056
"Daviess",0.176736616953669
"Clark",0.176633737034752
"Hancock",0.176284426178123
"Acadia",0.176145272129023
"Tazewell",0.176061181295732
"Larimer",0.175920585678928
"Watonwan",0.175583409942234
"Hunt",0.175110352056987
"Brunswick",0.173655599165208
"Okeechobee",0.17324053571999
"Anoka",0.173084328212559
"Hancock",0.17288976965734
"Perry",0.172754552823708
"Switzerland",0.172734735166288
"New Kent",0.172530265016805
"Essex",0.171942795657592
"St. Clair",0.171879694872499
"Marshall",0.171716685877818
"Alleghany",0.171648118412948
"Marathon",0.171451365091603
"Washington",0.171340541093954
"Crosby",0.171316982730852
"Kent",0.171129632207075
"Madison",0.171030017930078
"Wilkinson",0.170866475262952
"Lawrence",0.170840886074013
"Benton",0.170763007160914
"Canadian",0.170575955867204
"Kingfisher",0.170461307825708
"Oakland",0.170245005518341
"Washington",0.169271328750897
"Monroe",0.168803381127802
"Horry",0.168696946219009
"Santa Barbara",0.168504017744358
"Columbia",0.168093466463957
"Jack",0.167812571300895
"Ross",0.167114490251155
"Stewart",0.166565217037955
"Audrain",0.166226595668324
"Young",0.165933437349641
"Cook",0.165548280228132
"Jackson",0.165394885999826
"Leon",0.165048435756382
"Scott",0.164930763647409
"Cass",0.164871560216117
"Bartow",0.16445797299259
"Curry",0.164429683579991
"Belknap",0.164327286417128
"Gallia",0.163894143859336
"Hanover",0.163441666975698
"Harris",0.163339230440844
"Simpson",0.163299198215676
"Grant",0.163129306880185
"Plumas",0.162523578033095
"Calvert",0.16244928396964
"Ellis",0.162259059388478
"Crawford",0.161996688081472
"Polk",0.161908805698636
"Christian",0.161836149178054
"Carroll",0.161641555929457
"Johnson",0.160924458888779
"Lauderdale",0.160918931312063
"La Crosse",0.160862591656449
"Lincoln",0.16077950402399
"Reeves",0.16077029447253
"Sanilac",0.160254780983593
"Butler",0.160133682976692
"Jackson",0.160103205283775
"Wasatch",0.159853994591205
"Fayette",0.159701428875036
"Iron",0.159379632989861
"Washington",0.159369502401659
"Oliver",0.158426853108749
"Randolph",0.158310257456936
"Tattnall",0.158167229884646
"Clark",0.158001209364804
"Garland",0.157720292463473
"Gentry",0.157071977751734
"Sumter",0.156857310505721
"Putnam",0.156819891432958
"Sussex",0.156708987864856
"Mason",0.156657206769162
"Forsyth",0.156203598989997
"Palm Beach",0.156084106457887
"Charlotte",0.155964272230448
"Huron",0.155821576601032
"Concho",0.15546938300617
"Burt",0.155365429782819
"Umatilla",0.155328568204291
"Brooks",0.155167242791744
"Candler",0.155160880346983
"Montrose",0.154972560848039
"Cedar",0.154880123522042
"Union",0.154546445314062
"Oldham",0.154316091932794
"Bosque",0.154050433930842
"Pecos",0.153977386864873
"White",0.15386474877066
"Osceola",0.153834191510331
"Chattahoochee",0.15381370463061
"Roanoke",0.153680883319133
"Chickasaw",0.153126776116291
"Sedgwick",0.153053223553205
"Davis",0.15296101927574
"Allen",0.152834008940896
"Scott",0.152801648972034
"Chickasaw",0.152699792534028
"Mobile",0.152311064728772
"Lenawee",0.152160169905138
"Spokane",0.15176468167146
"Jefferson",0.151349459349716
"San Luis Obispo",0.151073553943916
"Abbeville",0.150880386227941
"Jefferson",0.15086582940607
"Iowa",0.150819076100921
"Wayne",0.150788483136571
"Appling",0.150784357146344
"Marion",0.150669357617496
"Seminole",0.150509435480777
"Lyon",0.150424008319385
"Erie",0.15018295470917
"Independence",0.150121631393387
"Lincoln",0.149660217711631
"Lowndes",0.14954699979435
"Floyd",0.148937808666754
"Clay",0.14887236779756
"Putnam",0.148601068787042
"Tipton",0.148154494911761
"Grant",0.148052607598553
"Covington",0.147958838106858
"Livingston",0.147653493272795
"Knox",0.147366907133104
"Menominee",0.146833136626229
"Muskegon",0.146440853888926
"Clayton",0.146109815594281
"Zapata",0.146004934078257
"McLennan",0.145654840695108
"Cheboygan",0.14559969809618
"Essex",0.145523145054486
"Sequatchie",0.14509788740038
"Yankton",0.145080815941634
"Yoakum",0.144798905273907
"Kanabec",0.144724238362938
"Marquette",0.144497638479706
"Harper",0.144276217545732
"Baldwin",0.143941655500958
"Livingston",0.14339604743687
"Washington",0.142965843823739
"Liberty",0.142714949791425
"Navarro",0.142194491902587
"Sumner",0.141950559637302
"Gregg",0.140010847461388
"Hall",0.139840922598464
"Seneca",0.13971575196496
"Taylor",0.139400712317255
"Haywood",0.139264590942918
"Richardson",0.139233241279381
"Lancaster",0.139104756526888
"Centre",0.138930068257373
"Colquitt",0.138748585027871
"Stafford",0.138463906824713
"Cleveland",0.138418221331346
"Habersham",0.138356224640098
"Muskogee",0.137885902534425
"Madison",0.137333345377924
"Mason",0.137024595090101
"Pendleton",0.136959298647019
"Pierce",0.136502005726499
"Pinal",0.136491770078499
"Russell",0.136438711556863
"Brunswick",0.135622646008708
"Hardin",0.135485225514325
"Scott",0.135260074785698
"Fayette",0.135208412959042
"Tuscarawas",0.135090842166351
"Rowan",0.134882113820297
"Hancock",0.13474989970124
"Osceola",0.134748204979861
"O'Brien",0.134724591018004
"Warren",0.134694265097055
"Santa Rosa",0.134474076502617
"Pima",0.13444065298547
"Newaygo",0.134406094310899
"Clinton",0.134396000403077
"Worth",0.134357693942177
"Comal",0.134295824950787
"Thayer",0.134279179541028
"Wexford",0.134222933229355
"Madison",0.13420574358878
"Stark",0.1338946109946
"Robertson",0.133786605926667
"Hyde",0.133710721041154
"Winnebago",0.133487152343231
"Ionia",0.133136428496054
"Georgetown",0.133045151605409
"Houston",0.132778021019521
"Whitfield",0.132659370083859
"Wright",0.132616897287994
"Kittitas",0.132433376976241
"Coahoma",0.132429927664218
"Bourbon",0.13240002623965
"Cowlitz",0.132399022181056
"Anderson",0.132279098237666
"Woodbury",0.131966806372634
"Nodaway",0.131939210765625
"Cape Girardeau",0.13169783802165
"Cache",0.131672269244097
"Benton",0.131603538709639
"Baxter",0.131594318516059
"Burnett",0.131570791230953
"Bee",0.131568526996909
"Howard",0.131372708548465
"Harrison",0.131177486376764
"Baker",0.131171970839342
"Franklin",0.130979772065962
"St. Charles",0.130348524158952
"Sumner",0.130346851259246
"Crawford",0.129758923885156
"Lynn",0.129665478582701
"Hardin",0.12953830471642
"Randolph",0.129367013459398
"Bastrop",0.129338850167095
"Chenango",0.128891234046506
"Fannin",0.128848215045849
"Ellis",0.128649380542646
"Barton",0.128603016922761
"Dawson",0.128392650404352
"Jackson",0.128214687095365
"Lincoln",0.128069930138902
"Canyon",0.127938320841964
"LaPorte",0.127859363120121
"Grainger",0.127640407562558
"Monroe",0.127530017068093
"Crawford",0.127504294598825
"Limestone",0.127172165733612
"Throckmorton",0.126520843828516
"Harrison",0.126482523068929
"Jefferson",0.126423034042422
"Mitchell",0.126402094174154
"Baraga",0.126210910299326
"Hancock",0.12576720554944
"Webb",0.125764271314493
"Cheatham",0.1257083667327
"Brown",0.125605720700431
"Dearborn",0.125597640779695
"Schuyler",0.125293915998507
"Monroe",0.125143627008503
"Kenedy",0.125056633905286
"Jo Daviess",0.12484896255293
"Coke",0.124798928553298
"Summit",0.124687232549522
"Mississippi",0.124596216266769
"Lycoming",0.12415631894786
"Marion",0.123960460461417
"Marshall",0.12391815210689
"Colbert",0.123862221709017
"Greene",0.123715154944405
"Caddo",0.123661023429009
"Schoharie",0.123288452475357
"Jefferson",0.122865759866638
"Wakulla",0.122470605819491
"Calhoun",0.122108126938864
"Lafayette",0.121666999783842
"Smith",0.121169779760413
"Carroll",0.12097353136849
"Lafayette",0.120872955175326
"Washington",0.120675393782655
"Seward",0.120582987472972
"Sanpete",0.120512608598905
"Clay",0.120388516225129
"Jackson",0.120385270457934
"St. Francis",0.120227407749366
"Berkeley",0.120032405815217
"Llano",0.119912447234158
"Kendall",0.119822875826885
"Clark",0.119733581286069
"Jasper",0.119464930356375
"Wayne",0.119057586940274
"Walla Walla",0.118856876274168
"Smith",0.118677466548703
"Finney",0.118544493899156
"Montgomery",0.11852193752387
"Taney",0.118511078361738
"Caroline",0.118407863667145
"King and Queen",0.118324466801883
"Chippewa",0.11808662225909
"Kootenai",0.117956348349481
"Austin",0.117640279000859
"Garfield",0.117571385329793
"DeKalb",0.117365625331984
"Union",0.117314161475775
"Citrus",0.116935651621315
"Lapeer",0.116502083027501
"Lake",0.116293397160048
"Mason",0.116029798228372
"Jackson",0.115786855522501
"Franklin",0.115659516694395
"Fayette",0.115561530591472
"Hale",0.11528337389059
"Hardeman",0.115181891516221
"Appomattox",0.115163248414254
"Washita",0.11482482558238
"Whitley",0.114248827846676
"Chaffee",0.114089596524694
"Oconto",0.114039545128769
"Otsego",0.114038253744812
"Dawson",0.113624457263191
"Adams",0.113594776402705
"Stanton",0.11351685748884
"Racine",0.113420987147055
"Venango",0.113083809671779
"Greenbrier",0.11307734758995
"Johnson",0.112883305074283
"Camden",0.112625255027537
"Barbour",0.112610660506545
"Jackson",0.112584795602289
"Baker",0.112516723190642
"Boone",0.112364419529288
"Kewaunee",0.112242429469016
"Moultrie",0.112076929509334
"Winneshiek",0.111896477137294
"Westmoreland",0.111814427868031
"Matagorda",0.111700293345228
"Alcona",0.111163421082502
"San Benito",0.111069611112847
"Mono",0.110976068673615
"Lehigh",0.110909348671159
"Hardeman",0.110815826452234
"Payne",0.110750089201257
"Chilton",0.110207823971842
"Hyde",0.109681399587922
"Jenkins",0.109537664070411
"Fayette",0.109461949747608
"Prince Edward",0.109110620520697
"Morgan",0.108914120777455
"Ashtabula",0.108869421347436
"Buffalo",0.108813172150462
"Craighead",0.108366176244775
"Aurora",0.108340625841068
"Wheatland",0.108193818670102
"Steele",0.107945241513574
"Codington",0.107676371582547
"Rush",0.107588493632421
"Mitchell",0.107369053168331
"Nemaha",0.107365065144865
"Osage",0.107280278390891
"Knox",0.107273322912663
"Aiken",0.107234379787559
"Republic",0.107204197899323
"Kit Carson",0.107179491534997
"Furnas",0.107131279232185
"Comanche",0.106871606641608
"Wetzel",0.106848451423557
"Kiowa",0.10684468151663
"Laurens",0.106815505960362
"Giles",0.106791409705752
"Richland",0.106720302659141
"Lowndes",0.106501665217366
"Washington",0.106387663674494
"Jefferson",0.106365931084051
"Rice",0.106050608490638
"Lea",0.105430376403812
"Warren",0.105359845093766
"St. Croix",0.105042524038264
"Kershaw",0.10431394923106
"Wells",0.104258159852772
"Hempstead",0.104205895292334
"Mercer",0.104116882476507
"Trempealeau",0.104083414389616
"Noble",0.103995837492203
"Torrance",0.103849923619504
"Scotts Bluff",0.103577132586117
"Iroquois",0.103522141102795
"Cedar",0.103521382111959
"Jackson",0.10350426327939
"Decatur",0.103404310496697
"Jasper",0.103304876460416
"Logan",0.103121359722405
"Jefferson",0.103036828957927
"Carroll",0.102977468827491
"Johnson",0.102477898000344
"Wood",0.102445975749998
"Cowley",0.102297317825731
"Frio",0.102124622366295
"Talladega",0.101565692102732
"Green Lake",0.101559518871425
"Roger Mills",0.101021334416344
"Tallapoosa",0.100762279650973
"Saline",0.100695647328788
"Kemper",0.100664037444555
"Klamath",0.100654229073931
"Shelby",0.100546688609386
"Morrison",0.100414996075546
"Clearfield",0.100340547541433
"Linn",0.100329699292995
"Colusa",0.100161465452529
"Shelby",0.100134602967889
"LaGrange",0.0998219060963548
"Cascade",0.0996755091656286
"Douglas",0.099005667507316
"Fannin",0.0984465458912954
"Washington",0.098162720933751
"Juniata",0.0981191142137726
"McCormick",0.0980605437407796
"Talbot",0.0978159019362152
"Roane",0.0977568236555434
"Henderson",0.0976549215455196
"Bamberg",0.0976370248073025
"Thurston",0.0974455925918831
"Stafford",0.0971441869076239
"Monroe",0.0969675169602322
"Huerfano",0.0969362900176383
"Carroll",0.096775984209514
"Hughes",0.0964078852674874
"Columbia",0.0963608281723252
"Grimes",0.0963252305405684
"Clark",0.0961454518975956
"Red River",0.096002191515934
"Chesterfield",0.0958241622909213
"Kaufman",0.0956268233421882
"Walthall",0.0954645421857359
"Erie",0.0954386433644654
"Geary",0.0954194860683006
"Lyon",0.0952865922012208
"Wise",0.0952065826929357
"Macon",0.0950857117280352
"Lewis",0.0950854947377094
"Desha",0.0950591332682614
"Greene",0.0950403568946006
"Dare",0.0946117507041731
"Montezuma",0.0946016314512106
"Rush",0.094530275635303
"Benton",0.0944745908500445
"Jefferson Davis",0.09437123804878
"Laurens",0.0943515520219385
"Morgan",0.0943003742850392
"Payette",0.0940694718209616
"Jefferson",0.0939736594593183
"Prowers",0.0939217657617832
"Monroe",0.0938640448368925
"Oneida",0.0936656806424776
"Clinton",0.0936325384023539
"Perry",0.0936030932327412
"Shelby",0.0935433941181205
"Vinton",0.0930100720770428
"Pope",0.0929641891782622
"Highland",0.0928132633028476
"Greene",0.0927591181696804
"Harrison",0.0926929539582913
"Douglas",0.0925385797941502
"Clay",0.092504508434004
"Mesa",0.0924470313332922
"Lane",0.091935334231595
"Winkler",0.0918474952275584
"Marion",0.0918426651820516
"Wabash",0.0917020698323416
"Tucker",0.0916911410359195
"Franklin",0.0915682316576181
"Douglas",0.091540690962151
"Snohomish",0.0914679698858473
"Callaway",0.0911323997303548
"Doña Ana",0.0910654235385981
"Pike",0.0909623061940161
"Montgomery",0.0908325983788379
"Mahoning",0.0908192478806185
"Titus",0.0907104932220991
"Bates",0.0906885482740506
"Scott",0.0906520838631364
"Price",0.0906417557021352
"Platte",0.0904949555457428
"Washburn",0.0904929050709117
"Des Moines",0.089835711642871
"Maverick",0.0896635237359652
"Randolph",0.0896248215319143
"Pottawatomie",0.0896184709491774
"Traill",0.0895405252915313
"Franklin",0.0894816219782867
"McMinn",0.0893348007339069
"Red Lake",0.089257804104675
"Meigs",0.0891877685605922
"Macoupin",0.0890008047397187
"Monroe",0.0888935304858912
"Dubois",0.0886853258959785
"Washington",0.0886357537368532
"Lawrence",0.0886342663616303
"Hamilton",0.0885706956830065
"Deschutes",0.0885033152808306
"Benton",0.0884853438124398
"Davison",0.0883639593257902
"Gwinnett",0.0883011309412701
"Fulton",0.0881335544335085
"Hinds",0.0880052037845415
"Scotland",0.08787435651537
"Skagit",0.0878627779091736
"Piatt",0.0878471954417959
"Polk",0.0876162142327749
"Deuel",0.087610669655946
"Taos",0.0875706085235102
"Lee",0.0871540932008183
"Laurel",0.0870228030070126
"Telfair",0.0869489100425661
"Huntingdon",0.0868521083609881
"Mason",0.086817861835025
"Grayson",0.0866584390176372
"Coweta",0.0865796063979424
"Laramie",0.0861984071748362
"Washington",0.0859455306668056
"Warren",0.0859110758526226
"Castro",0.0858853450597773
"Russell",0.0858576506172183
"McPherson",0.0857472262322262
"Sawyer",0.0857469108456668
"Teton",0.085722811159476
"Baylor",0.085686340568291
"Marshall",0.0853394150526048
"Bryan",0.0853198543867232
"Charlevoix",0.0852458373180084
"Ware",0.0851752605785738
"Wilcox",0.0851096018299247
"Kanawha",0.0847639510816923
"Churchill",0.0845210678161419
"Delaware",0.0844280138519833
"Lawrence",0.0844134183517713
"Shackelford",0.0843413078462769
"Grady",0.0839001242049034
"Potter",0.0837467575989364
"Wise",0.0836929617932005
"Randall",0.083690322567925
"Sherman",0.0836635746618574
"Archer",0.0834197800901402
"Howell",0.0831751328721128
"Sandoval",0.0831575115890943
"Wythe",0.0830871154500303
"Logan",0.0827039144213611
"Yazoo",0.0826719890953394
"Rusk",0.0822737424318291
"Newton",0.0821792373714248
"Forrest",0.082134832073603
"Ashley",0.0821058776080144
"Howard",0.0818862385434522
"Bryan",0.0818433709672596
"Lincoln",0.0817410836611181
"Madison",0.0815805211435379
"Mercer",0.0815595708449489
"Converse",0.0814898121040384
"Fremont",0.0814553533650405
"Bedford",0.0813218804113074
"Kimball",0.0810732218401459
"Russell",0.0810382183715597
"Marion",0.0809795593731963
"Northumberland",0.0809232547521069
"Charlotte",0.0808577028865607
"Hancock",0.0807974876032885
"Essex",0.0805896369052808
"Muhlenberg",0.0805334517983156
"Pottawattamie",0.0805272808611634
"Fayette",0.0804539555660756
"Effingham",0.080431805094995
"Sierra",0.0802579057902104
"Emmet",0.0799772270781114
"George",0.0798131389662774
"Ralls",0.079788537384964
"Grays Harbor",0.0797669153277789
"Patrick",0.0794522415606257
"Harrison",0.0794387755530023
"Pitkin",0.0793541521684976
"Buffalo",0.0791696202769867
"Door",0.0784990061557005
"Stewart",0.0782474264093421
"Tehama",0.0781777467675131
"Luna",0.0781141001426781
"DeSoto",0.0778874748186519
"Hernando",0.0777695407062296
"Carroll",0.0777075584318994
"Okaloosa",0.0776334857461612
"Madison",0.077597994516217
"Jasper",0.0775017000777614
"Gibson",0.077350012304155
"Hawkins",0.0772688853979049
"Barren",0.0772203319269297
"Claiborne",0.0770568160651853
"Grant",0.0769541364896589
"Cavalier",0.0766959601915878
"Buchanan",0.0766261273507554
"Portage",0.0766024007617852
"Barnes",0.0765352954681973
"Pickaway",0.0762148416315463
"Dinwiddie",0.07611823564813
"Cass",0.0759342430565731
"Lamb",0.0758816596550892
"Cheyenne",0.0758222234056869
"Coles",0.0757059994037333
"Burnet",0.0755735101269604
"Shenandoah",0.0754361638639641
"Clark",0.0754312073056003
"Jackson",0.075135005252122
"Custer",0.0749425606384741
"Cassia",0.0748074147779093
"Appanoose",0.0747915623557521
"Lincoln",0.0746474139859854
"Monroe",0.074632615509657
"Waller",0.0745560987601257
"White",0.074106714012066
"Loudoun",0.074077048780593
"Knox",0.0734174184793686
"Taylor",0.0732985653955465
"Ashland",0.0732660649939842
"Midland",0.0731203105527159
"Guernsey",0.0730875992814159
"Gadsden",0.0730488126041554
"Knox",0.0729025429710259
"Jefferson",0.0728850160346946
"Yellowstone",0.0728789039029874
"Love",0.0725667285773694
"Jerauld",0.0724864505766848
"Decatur",0.0723853897475218
"Campbell",0.0722817712523711
"Bath",0.0722268114868254
"Columbiana",0.0722111653301025
"Gonzales",0.0721684153958613
"Page",0.072107305205237
"McCulloch",0.0719194143445108
"Caroline",0.0718899300308211
"Lee",0.071661688526612
"Swain",0.0714875373543049
"Montgomery",0.0714396629201508
"Ouray",0.0712108615353243
"Woodford",0.0711181586924218
"Whitman",0.0709102725884342
"Erath",0.0708615977228892
"Washoe",0.0708413422261785
"Oceana",0.0707130839891754
"Sedgwick",0.0702989744907647
"Pulaski",0.0700101374193355
"Thomas",0.0699108684054598
"Polk",0.0695922535661213
"Obion",0.0695192263667341
"Burleigh",0.0694205124345225
"Humphreys",0.0693514504333355
"Highland",0.0691952285144219
"Grant",0.0691576878598844
"Dale",0.0686415455890568
"Crawford",0.068551105239665
"Little River",0.0685362146808511
"Christian",0.0684934564087527
"Washington",0.068466104829369
"Gem",0.0683868993096642
"Cass",0.0682303519170567
"Washington",0.0681800268954292
"Conway",0.0681683907371869
"La Plata",0.0681451760907724
"Blount",0.0681434636108719
"Pike",0.0681088347899036
"Gulf",0.0679817238207653
"Barber",0.0679813012223487
"Tioga",0.0679195525208564
"Daviess",0.0678573285338203
"Lincoln",0.067769192556235
"Knox",0.0677457700534592
"Valley",0.0676768000474751
"Kalkaska",0.0676724295871927
"Greeley",0.0676675262440542
"Lincoln",0.0676504695076991
"Dickey",0.0676380276385668
"Dorchester",0.0676170650629914
"Mecosta",0.0675934670690891
"Garfield",0.0675678852398354
"Oscoda",0.0675645364916993
"Gogebic",0.0675113348380159
"Warren",0.0673889683185431
"Buchanan",0.067368899814141
"Mahaska",0.0673367934937008
"Bannock",0.0672602845790124
"Harlan",0.0672572389646904
"Clare",0.0671268542514225
"Wilson",0.0671171682066738
"Franklin",0.0671136984238752
"Grant",0.0671055002981832
"Grant",0.0671010814420375
"York",0.0670525626359578
"Jefferson",0.0670518644221824
"Seward",0.0670426264089428
"Marion",0.0670147812098605
"Quay",0.0670091070215845
"Fillmore",0.0669700315239537
"Franklin",0.066905007760476
"Haskell",0.0668275379705651
"Greene",0.0668180894093718
"Lincoln",0.0667978479603018
"Lake",0.0667688293974143
"Crow Wing",0.0667614039303883
"Buena Vista",0.0665430650303741
"McClain",0.066539228139253
"Stark",0.0665150353452028
"Waukesha",0.0665032659595926
"Jackson",0.0664811132335445
"Bon Homme",0.066389019739624
"Weakley",0.0663815838170422
"Jefferson",0.0661445469860234
"Randolph",0.0661236985029952
"Green",0.0660420038464859
"Leake",0.06596254582293
"Livingston",0.0659465026691941
"Lyon",0.065713665874183
"Wagoner",0.0653534133976099
"Butler",0.0653461447302428
"Cherokee",0.0653373057025279
"Shelby",0.0652860937117708
"Cleburne",0.0652011115502754
"Pierce",0.0651627669344128
"Upshur",0.0651517357204011
"Henry",0.06508008937506
"Woodruff",0.0649846205763836
"Ohio",0.0647571298681947
"Barton",0.0647046941761278
"Sevier",0.0645792653224169
"Caribou",0.0644062023643096
"Cherokee",0.0643533614084046
"Miller",0.064341253228061
"Inyo",0.0641722130258374
"Humboldt",0.0641579372330716
"Chambers",0.0640074929330013
"Sarasota",0.0637639679920639
"Beaver",0.0637119861887676
"Linn",0.0636715406784986
"Raleigh",0.0633590135314049
"Stone",0.0633322601077539
"Clarion",0.0633111306928242
"Morgan",0.0632009471841742
"Carbon",0.0630186698781187
"Lawrence",0.0629385261604683
"Pike",0.0628971448163721
"Scioto",0.0626584112377439
"Turner",0.0625159504664888
"Pennington",0.0624684852621094
"Santa Cruz",0.0624026476974968
"Aroostook",0.0622093651960236
"Iberia",0.0621802226516817
"Linn",0.062147140729844
"Van Buren",0.0619825609345873
"Grand",0.0619607355911369
"Rutherford",0.0618698401813756
"San Jacinto",0.0615026712630066
"Okfuskee",0.061407824068634
"Hardin",0.0612661171087349
"Carroll",0.0608408437341622
"Reno",0.0607078727744761
"Waushara",0.0605614977563655
"Bourbon",0.0604326781774894
"Boundary",0.0604141247881306
"Seminole",0.0602821673461013
"Trinity",0.0601862695396316
"Adams",0.0600045969657566
"Greer",0.0599920257387824
"Crittenden",0.0599273267869864
"Woods",0.0598607180683643
"Eau Claire",0.0598528189666816
"Conejos",0.0598127835031667
"Newberry",0.0596515039185144
"Russell",0.0596506298157911
"Perry",0.0593777824826182
"Elk",0.0593519958069921
"Monroe",0.0591564589757093
"St. Clair",0.059096280228968
"Nicholas",0.0589990499452594
"Schleicher",0.0589423034743537
"Clay",0.0588936549869497
"Jackson",0.0586744661062299
"Johnston",0.0586455268466007
"Allamakee",0.0586001148812134
"Greene",0.0585054578408958
"Glenn",0.0582341072166521
"Jefferson",0.0581335843741695
"Dimmit",0.0578658297437181
"Douglas",0.0575174068546743
"Muskingum",0.0573914901404931
"St. Johns",0.0573292665483196
"Phelps",0.057268861848954
"Lassen",0.0572520723982636
"Tuscaloosa",0.0571381222338247
"Pulaski",0.0570334301057767
"Hays",0.0568799618393111
"Evangeline",0.0568146677470243
"Rapides",0.0567198327926115
"Mille Lacs",0.0566382567745461
"Mercer",0.0565673432485042
"Wright",0.0565185188914986
"Monroe",0.0564863311025845
"Pike",0.0563867074151652
"Licking",0.056177591273358
"Adams",0.0561635120865818
"Yuma",0.0559561520750716
"Emanuel",0.055944525792752
"Chicot",0.0558519741245198
"Uinta",0.0554722407462467
"New Madrid",0.0553990751235481
"Butler",0.0552265880162904
"Lewis and Clark",0.0551978745452824
"Jones",0.0551744324446546
"Real",0.0551470010533164
"Carroll",0.0550474401172615
"Platte",0.05487299715994
"Panola",0.0547640325824795
"Sunflower",0.05460868179975
"Foard",0.0545468304906852
"Camden",0.0544859949601614
"Washington",0.0544158435238071
"Marshall",0.0543914338447416
"Clinton",0.0543648709727586
"Rogers",0.0542559108410708
"McIntosh",0.0542195030016994
"Pend Oreille",0.054174674117791
"Childress",0.0541121521305802
"Sequoyah",0.0540664356056636
"Williams",0.0539275049419111
"Pine",0.0538344396627693
"Garfield",0.0537791862016773
"Red Willow",0.0537744829483489
"Cloud",0.0537733448628036
"Benton",0.0537455238574498
"Yakima",0.0537421230393575
"Wichita",0.0537338652479772
"Silver Bow",0.0537329411369106
"Hand",0.0536188441918977
"Daggett",0.0536065831357815
"Ottawa",0.0535295092212939
"Ellsworth",0.0533818562074993
"Stevens",0.0530586826048857
"Cheshire",0.0529656462169559
"Logan",0.0529011925300762
"Saline",0.0528569666628796
"Fayette",0.0528012605216817
"Mariposa",0.0527820057886737
"Itasca",0.052746322797556
"Johnson",0.0525835654818663
"Attala",0.0524086072273817
"Ouachita",0.0521843608286557
"Otter Tail",0.0520707927564536
"Deer Lodge",0.0520703364602986
"Carbon",0.0520144979428796
"Concordia",0.0516676134582639
"Wayne",0.05143736366819
"Swift",0.0513317825823429
"Benton",0.0513094356694209
"Karnes",0.0512270485264718
"Pawnee",0.0511612652518569
"Chaves",0.0508404567557591
"Saunders",0.0508169344583701
"Lake",0.050811490990027
"Washington",0.0507767880269913
"Minidoka",0.0506390768129219
"Teton",0.0505588369504983
"Malheur",0.0505442225371636
"Stutsman",0.0504054432476243
"Chariton",0.050358916446977
"Osage",0.0502772994896308
"Laclede",0.0502755417958456
"Tom Green",0.0501192501324529
"Bent",0.0501016443025955
"Campbell",0.0500712302776824
"Keya Paha",0.0498737932672653
"Cochran",0.0497986579265854
"Cherokee",0.0497554647395489
"Cochise",0.0496699334527945
"DeKalb",0.0495829653749663
"Charlton",0.0492527851965049
"Benewah",0.049241819045531
"Refugio",0.0491627169747949
"Roosevelt",0.0488820751980624
"Crowley",0.0482966331752026
"Choctaw",0.048284718557223
"Montgomery",0.0482714982874287
"Lawrence",0.048257602282173
"Le Flore",0.0480145072671725
"Cass",0.0479878312607982
"Walker",0.0479605489602831
"Morehouse",0.0478998599047816
"Rankin",0.0478956264010217
"Shelby",0.047697794395928
"Madison",0.0475054959570228
"Minnehaha",0.0474436761286642
"Hancock",0.0474128857712052
"Reynolds",0.0473957105017686
"Roosevelt",0.0472026955236195
"Lincoln",0.0471650794880212
"Bailey",0.0466658740339565
"Stoddard",0.0465817863348323
"Elk",0.0464223018745718
"Susquehanna",0.0464012857447677
"Johnson",0.0463479316957736
"Carter",0.0463044616744949
"Hamilton",0.046166334088281
"Vernon",0.0461391900476012
"St. Louis",0.0458132261227379
"Eagle",0.0456340412887839
"Brule",0.0456127391909476
"Stevens",0.0455976340988652
"Sauk",0.0454685173677089
"Dickinson",0.0453209667420078
"Baca",0.0452962775537338
"Clatsop",0.0452662713909875
"Nez Perce",0.0450929239484514
"Jackson",0.0450614022877264
"Lincoln",0.0449752537883998
"Goliad",0.0449392222485939
"Van Zandt",0.0449168478010336
"Gage",0.0448892866735168
"Hodgeman",0.0448794615963907
"Washington",0.0448552261494452
"Kingsbury",0.0446990237930037
"Plymouth",0.0446990235465632
"Ransom",0.0446976038182701
"Brown",0.0446064973551225
"Kingman",0.0445467021529291
"Jim Wells",0.0444528110023677
"Adams",0.0443151691686649
"Norman",0.0440383401717064
"Clark",0.0437677906079785
"Clark",0.0437211686038853
"Benton",0.0436654063688583
"Parmer",0.0436293785613135
"Freestone",0.0432919018392618
"Decatur",0.0431830945596654
"Osborne",0.0431756815136786
"De Soto",0.0431649736982778
"Phillips",0.0431632737540254
"Rooks",0.043124310088635
"Hardin",0.0430218079913654
"Graham",0.0429600066850189
"Trego",0.0429098264448393
"Callahan",0.0428426388814558
"Briscoe",0.0428191946725468
"Midland",0.0428082730348064
"Menard",0.042797374522941
"Stillwater",0.0427593717741476
"Dickens",0.0426252934494738
"Cibola",0.0424895148563781
"Rio Grande",0.0423215859869672
"Hemphill",0.0423059696225579
"Jefferson",0.0422833390999167
"Wallace",0.0422534291333594
"Martin",0.0421652114819006
"Ochiltree",0.0420522030688127
"Choctaw",0.0419196214168543
"Douglas",0.0417689899643924
"Franklin",0.0414842893786675
"Sweet Grass",0.0414604920107148
"Mason",0.0414303189551237
"Eastland",0.0414261703446376
"Donley",0.0413824842139174
"Limestone",0.0413754555146857
"Judith Basin",0.0412822244951411
"Tyler",0.0412621220584375
"Crockett",0.0412403414905535
"Williamsburg",0.0412060803546145
"Jones",0.0411938602520896
"Alger",0.0411929454792727
"Rolette",0.0410992900146517
"Summit",0.0410423397359466
"Colfax",0.0409877814109026
"Pacific",0.0409298235192093
"Brooks",0.0409219386877508
"Comanche",0.0407360144620325
"Henderson",0.0407074162238806
"McCurtain",0.0405952162240822
"Escambia",0.040521075573703
"McHenry",0.0403960970482091
"Brown",0.0403475269922443
"Major",0.0403025338939814
"Bonner",0.0402611109989131
"Cass",0.0402041680680045
"Toole",0.0396897731318879
"Colorado",0.0396491660699724
"Meade",0.0394222328109283
"Frontier",0.0393955871741364
"Nacogdoches",0.0393574975437468
"Marengo",0.0392945074687293
"Rio Arriba",0.0392895144831098
"Taylor",0.0392095604987665
"Palo Pinto",0.0391839563443859
"Adams",0.0390509875155432
"Lincoln",0.0388718050357336
"Dallas",0.038849584035712
"McIntosh",0.0388316267349373
"Crook",0.0387810498432805
"Chelan",0.0386815454544257
"Polk",0.0386541804552951
"Custer",0.0385311354658506
"Faulk",0.0383859952032685
"Charleston",0.0377167128488054
"Ward",0.0375588193090047
"Carbon",0.0374528906351368
"Mohave",0.0372876566085511
"Arkansas",0.0371747202315931
"Irion",0.0367243771702965
"Collier",0.036714918897114
"Union",0.0365759484449551
"Sherman",0.0365529327194282
"Coryell",0.0365287977549295
"Cherokee",0.0363511530370094
"Gove",0.0360326648187059
"Colleton",0.0359000794027078
"Val Verde",0.0358292348187825
"Potter",0.0356895361608046
"Pierce",0.0356724932056424
"Rich",0.0355394601066229
"Day",0.0353847743086132
"Jefferson",0.0349193042631518
"Highlands",0.0348971397069305
"Keith",0.0347826546577446
"Clay",0.0345818643982387
"Pembina",0.0344341334391228
"Tillamook",0.0343340057605734
"Jackson",0.0342575600025255
"Burke",0.0341996925770915
"Hettinger",0.0340591911223105
"Jim Hogg",0.0339770396236457
"Lake",0.0337535491570639
"Walton",0.0336379322082836
"Hidalgo",0.0336212573382992
"Charles Mix",0.0335652542907365
"LaMoure",0.0335442670364239
"Levy",0.0333849062037879
"Park",0.0332594456436914
"McLean",0.0331716317865315
"Beauregard",0.0331123276964689
"Bowman",0.033092137464311
"Lincoln",0.0330146153884671
"Golden Valley",0.0328500782944271
"Reagan",0.0328279373646129
"San Miguel",0.0325789409906127
"Plaquemines",0.0324125200184072
"Cheyenne",0.032277657248405
"Holt",0.0319432754109898
"Clark",0.0316845941983367
"Atascosa",0.0316078773702581
"Schoolcraft",0.0316042070356218
"Brown",0.0315123810094242
"Ellis",0.0313475847575837
"Broadwater",0.0311841734277161
"Clearwater",0.0310235586130074
"Kimble",0.0308577608775755
"Clarke",0.030822102634636
"Rosebud",0.0307348464577871
"Beadle",0.0305265919848692
"Siskiyou",0.0304113712848165
"Otero",0.0303912716861658
"Mineral",0.0303882156568622
"Culberson",0.0303810137538761
"San Miguel",0.0299598535259869
"Walsh",0.0298387228296381
"Natchitoches",0.0297111936475944
"Flathead",0.0293834503716917
"Grant",0.0292041531594876
"Otero",0.0291294376237786
"Blaine",0.0290856729493375
"Ontonagon",0.0290816004196295
"Stark",0.0288051824616782
"Kinney",0.0282894323206057
"Millard",0.0282341280634609
"Adams",0.0281990236060216
"Pittsburg",0.0280245681985561
"Pennington",0.0277299568239888
"Sanders",0.0276794172727852
"Sierra",0.0273358976229392
"Pushmataha",0.0271404569532235
"Becker",0.0267226682836744
"Richland",0.0267065967629721
"Liberty",0.0266875839155751
"Delaware",0.0263099042600479
"Washington",0.0262057237980706
"Terrebonne",0.0259887607240704
"Emery",0.0259065513948101
"La Salle",0.0258642348443385
"Deaf Smith",0.0257645393484442
"Stanley",0.0254516060214646
"Fremont",0.0251605147047039
"Emmons",0.0248263359966443
"Uvalde",0.024764263171678
"Wallowa",0.0245016428162083
"Koochiching",0.0244753555041689
"Cook",0.0240371798466474
"Rio Blanco",0.0239578362967867
"Jackson",0.023815207027179
"Fallon",0.0237908820366113
"Gunnison",0.0236915273702785
"Lake",0.0233427746197909
"Marion",0.0232217002648166
"Big Horn",0.0230936469208394
"Box Elder",0.0229555683532778
"Skamania",0.0228962703094965
"Juab",0.0226836230822213
"Lyman",0.0226218144371349
"Granite",0.0222819078053732
"Fall River",0.02207234327608
"Mendocino",0.0219721570329965
"Clallam",0.0218448555866135
"Cass",0.021841309256168
"Cheyenne",0.0216648595523662
"Natrona",0.021545103494979
"Duval",0.0215030271894809
"Lander",0.0209777534971316
"San Juan",0.0209145887358041
"Elbert",0.0208725520760123
"Custer",0.0203577802572262
"Boise",0.0202472885076329
"Santa Fe",0.0201988126309315
"Sevier",0.0201196775344915
"Navajo",0.0193833904389464
"Yavapai",0.0190030093747116
"Union",0.0189356179581705
"Texas",0.0188449510046872
"Sweetwater",0.0184004418523531
"Eddy",0.0183977440321245
"Richland",0.0183564505192025
"Teton",0.0183078553075156
"Albany",0.0179232781142297
"Piscataquis",0.0176408765851248
"Park",0.0174639441744704
"La Paz",0.0171178375056912
"Butte",0.0170342565709274
"Fremont",0.0166667788547037
"De Baca",0.0165432415143193
"Routt",0.0163019522581165
"Moffat",0.0162565073210647
"Dawson",0.0162020045421175
"Las Animas",0.0161723069719114
"Meagher",0.0161235478209901
"Sheridan",0.0152800315038879
"Harney",0.0150999229594431
"Owyhee",0.0150476344398229
"McCone",0.0143959001330474
"McKinley",0.014155083055247
"McKenzie",0.0134984676171685
"Guadalupe",0.0127387942658171
"Pershing",0.0127276924674441
"Glacier",0.0127109959276114
"Beltrami",0.0126378900684148
"Brewster",0.0124695627620257
"Saguache",0.0121788652278057
"Humboldt",0.0119939327604333
"Duchesne",0.0118787439801688
"Madison",0.0107144586117702
"Tooele",0.0105961251643073
"Lincoln",0.0105057360660219
"Valley",0.010338485445569
"Apache",0.0103242635537549
"Presidio",0.010012135374318
"San Juan",0.00973282221353096
"Eureka",0.0092361612675305
"Uintah",0.00857220392031317
"Grant",0.00852808435353435
"Nye",0.00848727936564692
"Lemhi",0.00845007579534233
"Gila",0.00805238172110692
"Lincoln",0.007992133086868
"Garfield",0.00741003283350781
"Okanogan",0.00726608862919451
"Beaverhead",0.00692841659009553
"Cherry",0.00642541478017707
"Coconino",0.00620681244724221
"Catron",0.00557126641546066
"Idaho",0.00454114882504261
"White Pine",0.00434054256938433
"Elko",0.00224458794608747
"Baldwin",0
"Barbour",0
"Sumter",0
"Miller",0
"Sevier",0
"Alpine",0
"Franklin",0
"Jefferson",0
"Shoshone",0
"Graham",0
"Etowah",0
"Harlan",0
"Conecuh",0
"Grand Traverse",0
"Wilkinson",0
"Lincoln",0
"Valley",0
"Ashe",0
"Grand Forks",0
"Curry",0
"Union",0
"McPherson",0
"Johnson",0
"Hudspeth",0
"Red River",0
"Island",0
"McDowell",0
"Cabell",0
"Morgan",0
"Lonoke",0
"Nevada",0
"Delta",0
"San Juan",0
"Butte",0
"Cass",0
"Delaware",0
"Brown",0
"Perry",0
"Johnson",0
"Edmonson",0
"Wolfe",0
"St. Martin",0
"Catahoula",0
"Union",0
"Humphreys",0
"Dent",0
"Powell",0
"Gallatin",0
"Mora",0
"Yancey",0
"Wilkes",0
"Holmes",0
"Coal",0
"Kiowa",0
"Clinton",0
"Sumter",0
"Meade",0
"Hamlin",0
"Crockett",0
"Anderson",0
"Walker",0
"Lee",0
"Leon",0
"Camp",0
"Trinity",0
"Washington",0
"Augusta",0
"Orange",0
"Wyoming",0
"Lewis",0
"Arthur",0
"Billings",0
"Dixie",0
"Madison",0
"Phillips",0
"Sebastian",0
"Randolph",0
"Carteret",0
"Athens",0
"Claiborne",0
"Giles",0
"Bowie",0
"Hartley",0
"Dickenson",0
"Pulaski",0
"Wabash",0
"Union",0
"Cullman",0
"Henderson",0
"Macon",0
"Pike",0
"Blount",0
"Bell",0
"Lewis",0
"Tangipahoa",0
"East Carroll",0
"Vernon",0
"West Carroll",0
"East Feliciana",0
"Crenshaw",0
"Hale",0
"St. Mary's",0
"Presque Isle",0
"Wilkin",0
"Lake of the Woods",0
"Marshall",0
"Adams",0
"Noxubee",0
"Tunica",0
"St. Louis",0
"Ravalli",0
"Phillips",0
"Blaine",0
"Gilmer",0
"McDuffie",0
"Brantley",0
"Toombs",0
"Wilkes",0
"Treutlen",0
"Marion",0
"Crawford",0
"Baker",0
"Custer",0
"Washington",0
"Lucas",0
"Riley",0
"Nelson",0
"Grayson",0
"Caldwell",0
"Morgan",0
"Marion",0
"Butler",0
"Hopkins",0
"Knox",0
"Owen",0
"Floyd",0
"Nicholas",0
"Bath",0
"Hart",0
"Magoffin",0
"Powell",0
"Elliott",0
"LaSalle",0
"Bossier",0
"Franklin",0
"Grant",0
"Caldwell",0
"Northumberland",0
"San Juan",0
"Kitsap",0
"Ferry",0
"Mingo",0
"Monroe",0
"Tyler",0
"Crawford",0
"Searcy",0
"Bradley",0
"Hinsdale",0
"Liberty",0
"Berrien",0
"Lincoln",0
"Sanborn",0
"Haakon",0
"Jones",0
"Jackson",0
"Dewey",0
"Moore",0
"Cumberland",0
"Coffee",0
"Dyer",0
"Hickman",0
"Cocke",0
"Perry",0
"Meigs",0
"Smith",0
"Swisher",0
"Hopkins",0
"Wood",0
"Coleman",0
"Burleson",0
"Runnels",0
"Rains",0
"Jeff Davis",0
"Ogemaw",0
"Copiah",0
"Leflore",0
"Tate",0
"Holmes",0
"Pettis",0
"Caldwell",0
"Daniels",0
"Garden",0
"Loup",0
"Tyrrell",0
"Benson",0
"Pawnee",0
"Pottawatomie",0
"Stephens",0
"Blaine",0
"Taliaferro",0
"Allen",0
"Letcher",0
"Calloway",0
"Sabine",0
"Keweenaw",0
"Kittson",0
"Holt",0
"Perry",0
"Mitchell",0
"Marshall",0
"Macon",0
"Aransas",0
"Grand",0
"Tazewell",0
"Weston",0
"Cleveland",0
"Custer",0
"Lunenburg",0
"Culpeper",0
"Falls Church",0
"Madison",0
"Covington",0
"Ritchie",0
"Randolph",0
"Braxton",0
"Gilmer",0
"Big Horn",0
"Pickens",0
"Lafayette",0
"Alexander",0
"Franklin",0
"Doddridge",0
"Calhoun",0
"Sublette",0
"King",0
"Screven",0
"Bear Lake",0
"Costilla",0
"Dolores",0
"Kane",0
"Fayette",0
"Oconee",0
"White",0
"Long",0
"Lewis",0
"Menard",0
"Calhoun",0
"Ness",0
"Madison",0
"Bullitt",0
"Breathitt",0
"Harrison",0
"Jackson",0
"Menifee",0
"Avoyelles",0
"Winn",0
"Montmorency",0
"Madison",0
"Chouteau",0
"Petroleum",0
"Wheeler",0
"Harding",0
"McDowell",0
"Champaign",0
"White",0
"Houston",0
"San Saba",0
"Shelby",0
"Madison",0
"Wayne",0
"Rappahannock",0
"Monroe",0
"Pierce",0
"Gibson",0
"Hamblen",0
"Marshall",0
"Delta",0
"Hockley",0
"San Augustine",0
"Motley",0
"Calhoun",0
"Hickory",0
"Garfield",0
"Ramsey",0
"Jackson",0
"Sullivan",0
"Roane",0
"Union",0
"Sioux",0
"Washington",0
"Pike",0
"Breckinridge",0
"Martin",0
"Whitley",0
"Crittenden",0
"Issaquena",0
"Mineral",0
"Montgomery",0
"Keokuk",0
"Knott",0
"Anderson",0
"Ballard",0
"Bienville",0
"Livingston",0
"St. Helena",0
"Pendleton",0
"Iron",0
"Lawrence",0
"Vermilion",0
"Robertson",0
"Sabine",0
"Warren",0
"St. Landry",0
"Missoula",0
"Grant",0
"Union",0
"Hooker",0
"Kleberg",0
"Comanche",0
"Tensas",0
"Pearl River",0
"Newton",0
"Clay",0
"Leslie",0
"Jefferson Davis",0
"Stone",0
"Pondera",0
"Thomas",0
"Perry",0
"Morris",0
"Loving",0
"Transylvania",0
"Josephine",0
"Scott",0
"Daviess",0
"Webster",0
"Lac qui Parle",0
"Wheeler",0
"Rockcastle",0
"Larue",0
"Dallas",0
"Mellette",0
"Maury",0
"Morgan",0
"Lauderdale",0
"Geauga",0
"Botetourt",0
"Nelson",0
"Del Norte",0
"Lincoln",0
"Lafourche",0
"McIntosh",0
"Renville",0
"Camas",0
"Edwards",0
"St. Tammany",0
"Cameron",0
"Wilson",0
"Caldwell",0
"Stephens",0
"Hardy",0
"Tripp",0
"Howard",0
"Owsley",0
"Washington",0
"York",0
"Edwards",0
"Hampshire",0
"Bayfield",0
"Faulkner",0
"Tipton",0
"Oglethorpe",0
"Wilcox",0
"Woodford",0
"Wayne",0
"Prairie",0
"Ziebach",0
"Grenada",0
"Lee",0
"Logan",0
"McCreary",0
"Fergus",0
"Williamson",0
"McMullen",0
"Franklin",0
"Marion",0
"Yuma",0
"Madison",0
"Wasco",0
"Bradford",0
"Albemarle",0
"Blackford",0
"Fentress",0
"Angelina",0
"Putnam",0
"Kidder",0
"Fredericksburg",0
"Worth",0
"Fleming",0
"Pocahontas",0
"Alcorn",0
"Sumter",0
"Greenlee",0
"Lamar",0
"Towns",0
"Hardin",0
"Crawford",0
"Haralson",0
"Chattooga",0
"Catoosa",0
"Dade",0
"Chautauqua",0
"Clinton",0
"Meade",0
"Coffee",0
"Union",0
"Ohio",0
"Sioux",0
"Antrim",0
"Traverse",0
"Greene",0
"Tishomingo",0
"Claiborne",0
"Bullock",0
"Mackinac",0
"Marion",0
"Mercer",0
"Sheridan",0
"Dundy",0
"Pawnee",0
"Stone",0
"Park",0
"McDonald",0
"Spink",0
"Latimer",0
"McCook",0
"Washakie",0
"Milam",0
"Niobrara",0
"Lampasas",0
"Rockwall",0
"Alleghany",0
"Kerr",0
"Roberts",0
"Edwards",0
"Decatur",0
"Armstrong",0
"Sutton",0
"Van Buren",0
"Overton",0
"Smyth",0
"Floyd",0
"Rockbridge",0
"Staunton",0
"Nottoway",0
"Charlottesville",0
"Fairfax",0
"Carroll",0
"Watauga",0
"Webster",0
"Stephens",0
"Clay",0
"Calumet",0
"Quitman",0
"Eddy",0
"Hughes",0
"Harmon",0
"Marion",0
"Logan",0
"Wells",0
"Dunn",0
"Scott",0
"Modoc",0
"Jefferson",0
"Columbia",0
"Kiowa",0
"Sully",0
"Lipscomb",0
"Sharp",0
"Washington",0
"Jones",0
"Calhoun",0
"Mineral",0
"Glades",0
"Noble",0
"Lee",0
"Richland",0
"Merrick",0
"Clay",0
"Kearney",0
"Starke",0
"Clinton",0
"Franklin",0
"Orange",0
"Assumption",0
"Perkins",0
"Butler",0
"Gladwin",0
"Lake",0
"Washington",0
"Jefferson",0
"Union",0
"Aitkin",0
"Avery",0
"Schuyler",0
"Kearny",0
"Prentiss",0
"Slope",0
"Woodson",0
"Webster",0
"Oktibbeha",0
"Yalobusha",0
"Jasper",0
"Adams",0
"Wahkiakum",0
"Hamilton",0
"Gallatin",0
"Jefferson",0
"Clermont",0
"Franklin",0
"Casey",0
"Andrew",0
"Warren",0
"Spencer",0
"Carter",0
"Adair",0
"Monroe",0
"Knox",0
"Washington",0
"Carter",0
"Bollinger",0
"Hancock",0
"Ohio",0
"Brooke",0
"Clinch",0
"Treasure",0
"Gregory",0
"Lumpkin",0
"Phelps",0
"Hamilton",0
"Esmeralda",0
"Terrell",0
"Yell",0
"Poinsett",0
"Huntington",0
"Kosciusko",0
"Fulton",0
"Rawlins",0
"Trigg",0
"Parker",0
"Medina",0
"Robertson",0
"Wabaunsee",0
"Cumberland",0
"Jessamine",0
"Blanco",0
"Boyle",0
"Montgomery",0
"Bandera",0
"Henry",0
"Carlisle",0
"Jackson",0
"Gordon",0
"McLean",0
"Walworth",0
"Edgefield",0
"St. John the Baptist",0
"Barry",0
"Metcalfe",0
"Newport News",0
"Hanson",0
"Douglas",0
"Crisp",0
"Pickens",0
"Poquoson",0
"Scott",0
"Miner",0
"Johnson",0
"Dodge",0
"Mathews",0
"Arlington",0
"Bradley",0
"Pulaski",0
"Glascock",0
"Asotin",0
"Crook",0
"Dickson",0
"Carroll",0
"Banks",0
"Atkinson",0
"Pulaski",0
"Boone",0
"Lewis",0
"Putnam",0
"Grant",0
"Lake",0
"Grundy",0
"Montgomery",0
"Trousdale",0
"Liberty",0
"Clarke",0
"Teller",0
"Bartholomew",0
"Chase",0
"Jefferson",0
"Beckham",0
"Adair",0
"Doniphan",0
"Cimarron",0
"Labette",0
"Graves",0
"Hickman",0
"Allen",0
"Atchison",0
"Lawrence",0
"Roseau",0
"Evans",0
"Ottawa",0
"Coosa",0
"Hancock",0
"Spalding",0
"Rockdale",0
"Cameron",0
"Monroe",0
"Oregon",0
"Mississippi",0
"Houston",0
"Crawford",0
"McKean",0
"Powder River",0
"Chase",0
"Nuckolls",0
"Irwin",0
"Bennett",0
"Moody",0
"Corson",0
"Douglas",0
"Houghton",0
"Oneida",0
"Crawford",0
"Wayne",0
"Wayne",0
"Monona",0
"Arenac",0
"Lawrence",0
"Lawrence",0
"Mercer",0
"Bottineau",0
"Pickett",0
"Unicoi",0
"Pope",0
"Jersey",0
"Brown",0
"Greene",0
"Lynchburg",0
"Roberts",0
"Oglala Lakota",0
"Taylor",0
"Waynesboro",0
"Latah",0
"Shawano",0
"Newton",0
"Buena Vista",0
"Morton",0
"Upshur",0
"Summers",0
"Geneva",0
"Fayette",0
"Polk",0
"Cumberland",0
"Radford",0
"Preble",0
"Lee",0
"Bland",0
"Norton",0
"Belmont",0
"Phillips",0
"Alfalfa",0
"Nowata",0
"Coos",0
"Menominee",0
"Massac",0
"Walker",0
"Echols",0
"Marshall",0
"Archuleta",0
"Golden Valley",0
"Towner",0
"Todd",0
"Gaines",0
"Sargent",0
"Jackson",0
"Fulton",0
"Delaware",0
"Newton",0
"Cross",0
"Broomfield",0
"Winchester",0
"Petersburg",0
"Garza",0
"Zavala",0
"McPherson",0
"Hayes",0
"Banner",0
"Warren",0
"Lincoln",0
"Roscommon",0
"Harrison",0
"Allen",0
"Divide",0
"Morrow",0
"Leavenworth",0
"Pike",0
"Todd",0
"Clinton",0
"Pontotoc",0
"Ray",0
"Creek",0
"Atoka",0
"Okmulgee",0
"Bibb",0
"Winston",0
"Lee",0
"Marion",0
"Dade",0
"Wayne",0
"Benzie",0
"Lincoln",0
"Shannon",0
"Cotton",0
"Haskell",0
"Big Stone",0
"Sharkey",0
"Simpson",0
"Musselshell",0
"Wibaux",0
"Amite",0
"Wayne",0
"Franklin",0
"Ripley",0
"Ste. Genevieve",0
"Cooper",0
"Howard",0
"Sherman",0
"Hill",0
"Perry",0
"Polk",0
"Osage",0
"Pierce",0
"Dawes",0
"Rock",0
"Hamilton",0
"Crawford",0
"Henry",0
"Webster",0
"Live Oak",0
"Fisher",0
"Butler",0
"Owen",0
"Dallas",0
"Morrill",0
"Coshocton",0
"Schley",0
"Union",0
"Butler",0
"Chester",0
"Bolivar",0
"Itawamba",0
"Piute",0
"Bond",0
"Holmes",0
"Columbia",0
"Jasper",0
"Green",0
"Allen",0
"Morris",0
"Pike",0
"Perkins",0
"Edgar",0
"Boyd",0
"Van Buren",0
"Norton",0
"Preston",0
"Greene",0
"Lincoln",0
"Newton",0
"Lewis",0
"Goshen",0
"Van Buren",0
"Montgomery",0
"Bedford",0
"Pemiscot",0
"Iron",0
"Ringgold",0
"Ozark",0
"Harrison",0
"Craig",0
"Drew",0
"Gilpin",0
"Harrison",0
"Wheeler",0
"Dawson",0
"Todd",0
"Lake",0
"Jackson",0
"Fountain",0
"Logan",0
"Lane",0
"Christian",0
"Boyd",0
"Wheeler",0
"Colonial Heights",0
"Logan",0
"Texas",0
"Dooly",0
"Morgan",0
"Lincoln",0
"Cannon",0
"Coffee",0
"Fulton",0
"Flagler",0
"Carroll",0
"Hall",0
"Washington",0
"Johnson",0
"Putnam",0
"Paulding",0
"Edmunds",0
"Hutchinson",0
"Jennings",0
"Fayette",0
"Ripley",0
"Parke",0
"Fulton",0
"Pike",0
"Potter",0
"Lavaca",0
"Nelson",0
"Mountrail",0
"Dallas",0
"Humboldt",0
"Cottle",0
"Montague",0
"Terry",0
"Sheridan",0
"Noble",0
"Saline",0
"Carter",0
"Prairie",0
"Colfax",0
"Gray",0
"Stonewall",0
"Ashland",0
"Union",0
"Scott",0
"Jefferson",0
"Sheridan",0
"Greeley",0
"Box Butte",0
"Wadena",0
"Neshoba",0
"Pontotoc",0
"Garvin",0
"Montgomery",0
"Cumberland",0
"Tallahatchie",0
"Adair",0
"Sullivan",0
"Mifflin",0
"Luce",0
"Craig",0
"Galax",0
"Clearwater",0
"Foster",0
"Webster",0
"Marquette",0
"Hot Springs",0
"Clay",0
"Tippah",0
"Quitman",0
"Hocking",0
"Custer",0
"Buffalo",0
"Floyd",0
"Scott",0
"Newton",0
"Douglas",0
"Fayette",0
"Harding",0
"Clayton",0
"Covington",0
"Martinsville",0
"Johnson",0
"St. Clair",0
"Gasconade",0
"Logan",0
"Lafayette",0
"Griggs",0
"Bingham",0
"Winston",0
"Steuben",0
"Tillman",0
"Campbell",0
"Jefferson",0
"Henry",0
"Clay",0
"Hall",0
"Manassas Park",0
"Henry",0
"Mills",0
"Hitchcock",0
"Grant",0
"Walworth",0
"Ozaukee",0
"Waupaca",0
"Pepin",0
"Cleburne",0
"Ben Hill",0
"Miller",0
"Maries",0
"Warren",0
"Calhoun",0
"Izard",0
"Jones",0
"Roanoke",0
"Forest",0
"Turner",0
"Blaine",0
"Nance",0
"Boone",0
"Fairfield",0
"Kendall",0
"Panola",0
"Gillespie",0
"Dallam",0
"Stanton",0
"Gallatin",0
"Harvey",0
"Fremont",0
"Jewell",0
"Saline",0
"Clarke",0
"Mercer",0
"Morgan",0
"Bacon",0
"Madison",0
"Barry",0
"Forest",0
"Boone",0
"Langlade",0
"Henderson",0
"Collingsworth",0
"Tift",0
"Perry",0
"Bledsoe",0
"Monroe",0
"DeWitt",0
"Hubbard",0
"Sheridan",0
"Lafayette",0
"Vilas",0
"Smith",0
"Socorro",0
"Williamsburg",0
"Sioux",0
"Clay",0
"Moniteau",0
"Cherokee",0
"Greenwood",0
"Lexington",0
"Wirt",0
"Houston",0
"Mahnomen",0
"Wayne",0
